
Loading the model ...
  input file   : model.pomdpx
  loading time : 0.01s 

SARSOP initializing ...
  initialization time : 0.00s

-------------------------------------------------------------------------------
 Time   |#Trial |#Backup |LBound    |UBound    |Precision  |#Alphas |#Beliefs  
-------------------------------------------------------------------------------
 0       0       0        1727.82    4302.28    2574.46     6        1        
 0       3       61       3551.78    4034       482.222     19       30       
 0       4       100      3597.68    4011.9     414.22      30       52       
 0       6       150      3619.7     3962.76    343.057     31       71       
 0       8       200      3626.75    3921.72    294.967     38       95       
 0       10      250      3628.25    3901.86    273.611     58       112      
 0       12      300      3631.07    3896.97    265.907     45       137      
 0.016   14      359      3632.85    3870.74    237.893     41       156      
 0.017   15      400      3633.09    3869.68    236.586     53       177      
 0.017   17      455      3634.65    3863.11    228.46      49       199      
 0.017   20      507      3634.75    3850.89    216.142     65       218      
 0.017   21      550      3634.75    3849.19    214.44      65       236      
 0.017   23      600      3634.97    3845.12    210.149     78       250      
 0.017   24      650      3634.97    3842.99    208.021     95       278      
 0.032   26      705      3635.12    3837.1     201.987     127      293      
 0.032   28      757      3635.12    3828.39    193.275     138      314      
 0.032   29      800      3635.13    3826.73    191.602     149      334      
 0.041   31      851      3635.13    3822.34    187.212     140      350      
 0.048   33      903      3635.15    3819.29    184.137     145      368      
 0.052   35      950      3635.15    3817.24    182.094     169      389      
 0.055   37      1000     3635.15    3810.28    175.13      176      404      
 0.06    39      1061     3635.16    3804.27    169.103     148      425      
 0.064   40      1100     3635.21    3802.32    167.115     157      441      
 0.068   42      1165     3635.21    3799.77    164.561     161      461      
 0.071   44      1205     3635.21    3798.63    163.418     163      470      
 0.074   46      1253     3635.21    3795.77    160.561     167      481      
 0.08    47      1300     3635.21    3795.69    160.479     176      504      
 0.084   49      1351     3636.32    3792.38    156.066     140      518      
 0.088   51      1400     3636.37    3788.73    152.358     141      529      
 0.092   53      1450     3636.67    3786.47    149.799     140      542      
 0.096   56      1500     3636.67    3778.93    142.257     148      555      
 0.1     58      1555     3636.69    3776.19    139.498     132      569      
 0.105   60      1605     3636.78    3773.55    136.768     139      587      
 0.108   62      1661     3636.81    3772.05    135.243     145      606      
 0.108   63      1700     3636.81    3771.19    134.374     163      618      
 0.117   65      1759     3636.82    3769.87    133.052     162      638      
 0.124   67      1807     3636.82    3767.32    130.496     172      649      
 0.128   68      1850     3636.82    3766.31    129.483     191      662      
 0.128   70      1903     3636.82    3762.23    125.406     201      680      
 0.14    72      1961     3636.82    3761.68    124.854     203      699      
 0.142   73      2000     3636.82    3760.82    123.999     211      713      
 0.142   75      2063     3636.82    3758.72    121.901     216      728      
 0.142   76      2100     3636.82    3758.4     121.58      220      739      
 0.161   78      2150     3636.83    3756.66    119.834     233      757      
 0.169   79      2200     3636.83    3756.06    119.233     250      782      
 0.172   81      2250     3636.83    3753.55    116.727     245      790      
 0.172   83      2317     3636.85    3752.77    115.927     196      814      
 0.172   84      2350     3636.85    3752.49    115.64      200      816      
 0.187   86      2407     3636.85    3750.94    114.089     189      829      
 0.187   88      2453     3636.85    3749.07    112.216     207      843      
 0.202   89      2500     3636.85    3748.78    111.927     209      861      
 0.202   91      2550     3636.85    3748.17    111.319     200      869      
 0.202   93      2600     3636.85    3745.63    108.777     193      883      
 0.218   95      2659     3636.85    3744.78    107.927     188      899      
 0.218   96      2700     3636.85    3744.35    107.494     199      907      
 0.218   98      2753     3636.85    3744.16    107.301     214      924      
 0.234   100     2800     3636.85    3743.23    106.378     232      934      
 0.234   102     2850     3636.85    3740.49    103.637     211      947      
 0.25    104     2909     3636.85    3740.31    103.455     210      967      
 0.25    106     2963     3636.85    3740.16    103.307     212      980      
 0.267   107     3000     3636.86    3738.57    101.709     219      990      
 0.274   109     3050     3636.86    3731.7     94.8426     236      1006     
 0.28    111     3100     3636.86    3729.78    92.9167     242      1020     
 0.28    112     3150     3636.86    3729.07    92.2045     261      1025     
 0.291   114     3209     3636.86    3728.46    91.5948     257      1039     
 0.302   116     3257     3636.86    3727.85    90.9922     271      1052     
 0.304   117     3300     3636.86    3727.59    90.7273     272      1064     
 0.315   119     3350     3636.86    3727.23    90.3698     284      1075     
 0.319   121     3401     3636.86    3726.12    89.2522     288      1086     
 0.33    123     3450     3636.86    3724.88    88.014      284      1101     
 0.33    125     3515     3636.86    3724.36    87.4948     266      1119     
 0.344   126     3553     3636.86    3723.62    86.7514     286      1131     
 0.36    128     3607     3636.86    3723.12    86.2512     313      1148     
 0.367   130     3657     3636.86    3722.36    85.4967     305      1159     
 0.374   132     3700     3636.86    3721.34    84.4744     294      1167     
 0.384   134     3753     3636.86    3721.06    84.1989     319      1179     
 0.39    135     3800     3636.86    3720.98    84.1204     317      1191     
 0.39    137     3861     3636.86    3720.65    83.788      316      1207     
 0.406   139     3900     3636.86    3720.12    83.2584     325      1218     
 0.417   141     3950     3636.86    3720       83.1353     344      1226     
 0.426   143     4000     3636.86    3719.49    82.6252     344      1234     
 0.428   145     4051     3636.86    3718.93    82.0614     363      1243     
 0.444   146     4100     3636.86    3718.91    82.0458     378      1262     
 0.453   148     4150     3636.86    3718.22    81.3577     376      1267     
 0.453   150     4203     3636.86    3717.2     80.3318     351      1277     
 0.469   152     4265     3636.86    3716.21    79.3473     380      1292     
 0.469   153     4300     3636.86    3716.03    79.162      391      1295     
 0.49    155     4350     3636.86    3714.59    77.7273     410      1299     
 0.499   157     4409     3636.87    3714.27    77.4052     347      1314     
 0.499   159     4450     3636.87    3714.03    77.1634     344      1319     
 0.518   161     4513     3636.87    3712.7     75.8338     360      1332     
 0.531   162     4550     3636.87    3711.81    74.9398     365      1344     
 0.531   164     4600     3636.87    3711.49    74.6219     365      1353     
 0.546   166     4650     3636.87    3711.37    74.5022     383      1361     
 0.546   168     4700     3636.87    3711.15    74.276      397      1371     
 0.562   171     4759     3636.87    3709.87    73.0005     378      1386     
 0.578   173     4800     3636.87    3708.7     71.83       384      1392     
 0.595   175     4855     3636.87    3708.64    71.7715     400      1404     
 0.608   177     4909     3636.87    3708.33    71.4577     421      1419     
 0.618   178     4950     3636.87    3708.3     71.4306     437      1431     
 0.625   180     5007     3636.87    3708.26    71.3836     414      1446     
 0.641   182     5053     3636.87    3708.13    71.259      429      1459     
 0.656   184     5100     3636.87    3707.89    71.0158     444      1468     
 0.656   186     5155     3636.87    3707.47    70.5954     456      1483     
 0.672   187     5200     3636.87    3707.45    70.5789     501      1498     
 0.7     189     5250     3636.87    3707.11    70.2414     484      1515     
 0.711   192     5300     3636.89    3703.63    66.7359     500      1517     
 0.718   194     5350     3636.89    3702.71    65.8149     501      1524     
 0.737   196     5400     3636.92    3701.17    64.2541     444      1546     
 0.75    197     5455     3636.92    3700.7     63.7791     465      1556     
 0.753   199     5500     3636.92    3699.38    62.466      510      1563     
 0.766   201     5559     3636.92    3699.17    62.2439     464      1579     
 0.788   203     5613     3636.92    3698.73    61.8123     466      1593     
 0.8     204     5650     3636.92    3698.55    61.6246     503      1602     
 0.8     206     5700     3636.92    3698.15    61.2316     492      1611     
 0.826   209     5753     3636.92    3697.28    60.3586     496      1624     
 0.828   211     5800     3636.92    3696.59    59.6633     491      1633     
 0.843   213     5861     3636.92    3696.41    59.4862     503      1644     
 0.865   215     5917     3636.93    3696.25    59.3282     501      1662     
 0.875   216     5950     3636.93    3694.78    57.857      476      1669     
 0.875   219     6001     3636.93    3694.44    57.5179     477      1677     
 0.891   221     6050     3636.93    3694.26    57.337      484      1686     
 0.907   223     6101     3636.93    3694.25    57.3188     504      1700     
 0.923   225     6151     3636.93    3693.8     56.8734     554      1703     
 0.933   227     6200     3636.93    3693.64    56.7103     558      1708     
 0.937   229     6250     3636.93    3692.49    55.5591     561      1718     
 0.953   231     6303     3636.93    3692.26    55.3265     529      1730     
 0.969   234     6365     3636.93    3691.64    54.7098     477      1742     
 0.985   236     6403     3636.93    3691.59    54.654      515      1746     
 1.003   238     6463     3636.93    3691.46    54.5301     480      1757     
 1.007   240     6500     3636.93    3690.93    53.9955     517      1760     
 1.019   243     6550     3636.93    3690.67    53.7387     521      1765     
 1.03    245     6601     3636.93    3690.14    53.2066     526      1771     
 1.043   247     6650     3636.93    3689.91    52.9735     532      1779     
 1.062   249     6707     3636.93    3689.84    52.909      542      1795     
 1.062   251     6751     3636.93    3689.75    52.8142     537      1805     
 1.082   253     6809     3636.93    3689.59    52.6599     564      1814     
 1.094   256     6855     3636.93    3689.11    52.1804     566      1816     
 1.11    258     6905     3636.93    3688.94    52.0104     563      1823     
 1.12    260     6950     3636.93    3688.77    51.8428     608      1829     
 1.135   263     7000     3636.93    3688.27    51.3363     599      1839     
 1.155   266     7061     3636.93    3686.59    49.6548     612      1856     
 1.155   268     7109     3636.93    3685.97    49.0391     619      1862     
 1.171   271     7150     3636.93    3676.86    39.93       603      1875     
 1.205   273     7221     3636.93    3676.57    39.6384     519      1891     
 1.213   274     7259     3636.93    3676.45    39.5103     557      1894     
 1.219   275     7300     3636.94    3676.43    39.4967     544      1900     
 1.234   277     7365     3636.94    3676.03    39.0981     560      1918     
 1.259   278     7400     3636.94    3675.97    39.0303     545      1927     
 1.265   280     7457     3636.94    3675.66    38.7237     553      1937     
 1.281   282     7500     3636.94    3675.53    38.5961     546      1941     
 1.297   284     7550     3636.94    3675.4     38.4683     543      1951     
 1.32    286     7600     3636.94    3674.81    37.8787     540      1960     
 1.344   288     7665     3636.94    3674.75    37.8196     522      1975     
 1.351   290     7703     3636.94    3674.66    37.7231     560      1984     
 1.371   291     7750     3636.94    3674.65    37.7131     542      1989     
 1.374   293     7805     3636.94    3674.38    37.4474     538      1999     
 1.39    295     7850     3636.94    3674.31    37.3715     527      2008     
 1.419   297     7921     3636.94    3674.07    37.1353     547      2021     
 1.428   298     7957     3636.94    3673.93    36.9951     553      2028     
 1.454   300     8013     3636.94    3673.85    36.9167     559      2045     
 1.468   301     8061     3636.94    3673.69    36.752      565      2059     
 1.476   302     8100     3636.94    3673.66    36.7201     604      2061     
 1.483   304     8150     3636.94    3673.51    36.573      594      2073     
 1.499   306     8203     3636.94    3673.26    36.3298     595      2077     
 1.52    308     8253     3636.94    3673.2     36.2639     576      2082     
 1.531   310     8300     3636.94    3672.9     35.9636     575      2086     
 1.547   312     8350     3636.94    3672.85    35.9178     625      2094     
 1.547   314     8407     3636.94    3672.65    35.7149     618      2100     
 1.563   316     8459     3636.94    3672.5     35.568      631      2103     
 1.586   317     8500     3636.94    3672.47    35.5324     622      2109     
 1.612   319     8557     3636.94    3672.45    35.5131     679      2128     
 1.624   321     8613     3636.94    3672.39    35.4549     676      2133     
 1.624   323     8650     3636.94    3672.25    35.3107     643      2139     
 1.64    325     8700     3636.94    3672.06    35.1294     636      2145     
 1.674   327     8755     3636.94    3671.91    34.9771     691      2159     
 1.691   329     8809     3636.94    3671.25    34.3127     688      2166     
 1.703   331     8859     3636.94    3671.22    34.2853     672      2171     
 1.703   333     8911     3636.94    3671.18    34.2487     659      2178     
 1.72    335     8950     3636.94    3671.1     34.1664     698      2179     
 1.734   336     9000     3636.94    3670.99    34.0578     683      2192     
 1.766   338     9055     3636.94    3670.95    34.0188     671      2202     
 1.782   339     9100     3636.94    3670.93    33.9988     655      2209     
 1.801   341     9150     3636.94    3670.83    33.8954     705      2216     
 1.812   343     9200     3636.94    3670.62    33.6838     697      2216     
 1.83    344     9250     3636.94    3670.55    33.6115     696      2230     
 1.843   347     9307     3636.94    3670.32    33.3833     596      2236     
 1.843   349     9351     3636.94    3670.18    33.2491     640      2238     
 1.875   351     9400     3636.94    3670.03    33.0942     621      2244     
 1.891   353     9459     3636.94    3670.01    33.0695     622      2256     
 1.914   354     9500     3636.97    3669.85    32.8821     663      2262     
 1.931   356     9550     3636.97    3669.56    32.5924     636      2269     
 1.941   358     9600     3636.98    3669.48    32.4984     596      2277     
 1.952   360     9657     3636.99    3669.26    32.2746     609      2287     
 1.986   361     9700     3636.99    3668.33    31.3446     565      2305     
 2.001   363     9751     3636.99    3667.91    30.9205     616      2310     
 2.023   365     9800     3636.99    3667.61    30.6251     616      2320     
 2.031   368     9853     3636.99    3667.24    30.2548     614      2326     
 2.049   369     9900     3636.99    3666.31    29.3245     606      2326     
 2.063   371     9965     3636.99    3666.17    29.1811     585      2340     
 2.079   372     10009    3636.99    3666.16    29.1733     629      2349     
 2.095   374     10051    3636.99    3666.09    29.099      584      2352     
 2.122   375     10100    3636.99    3666.06    29.0686     576      2360     
 2.133   377     10150    3636.99    3665.97    28.9782     568      2362     
 2.139   379     10200    3636.99    3665.77    28.783      618      2367     
 2.155   381     10255    3636.99    3665.65    28.6595     601      2376     
 2.171   383     10309    3636.99    3665.59    28.6013     585      2382     
 2.187   385     10351    3636.99    3665.57    28.5793     571      2386     
 2.203   387     10403    3637       3664.18    27.1742     569      2397     
 2.224   388     10450    3637       3664.04    27.0359     550      2407     
 2.236   390     10507    3637.01    3663.92    26.9153     570      2411     
 2.246   392     10555    3637.01    3663.8     26.7914     574      2412     
 2.253   393     10600    3637.01    3663.63    26.6233     578      2416     
 2.265   395     10650    3637.01    3663.3     26.2947     628      2419     
 2.281   398     10700    3637.01    3663.03    26.029      638      2425     
 2.297   400     10750    3637.01    3662.88    25.8722     625      2431     
 2.297   402     10800    3637.01    3662.03    25.0291     638      2439     
 2.321   404     10855    3637.01    3661.72    24.7166     628      2442     
 2.328   405     10900    3637.01    3661.72    24.7135     673      2447     
 2.346   407     10950    3637.01    3661.61    24.6072     678      2448     
 2.358   409     11000    3637.01    3661.54    24.5364     666      2457     
 2.358   410     11050    3637.01    3661.34    24.3313     655      2458     
 2.381   412     11100    3637.01    3661.26    24.258      705      2464     
 2.389   414     11151    3637.01    3661.21    24.2023     678      2468     
 2.405   416     11201    3637.01    3661.04    24.0312     651      2473     
 2.424   418     11250    3637.01    3660.97    23.9655     700      2475     
 2.44    419     11300    3637.01    3660.94    23.9373     684      2488     
 2.463   421     11350    3637.01    3660.74    23.7337     672      2493     
 2.467   423     11400    3637.01    3659.84    22.8332     722      2497     
 2.499   424     11450    3637.01    3659.76    22.7568     712      2511     
 2.515   427     11505    3637.01    3659.56    22.5488     696      2519     
 2.531   429     11559    3637.01    3659.54    22.5357     683      2531     
 2.547   431     11600    3637.01    3659.52    22.5182     724      2534     
 2.573   433     11650    3637.01    3659.45    22.4478     698      2541     
 2.586   435     11700    3637.01    3659.37    22.3668     686      2544     
 2.602   438     11757    3637.01    3659.34    22.3308     688      2549     
 2.612   439     11800    3637.01    3659.29    22.2799     731      2551     
 2.624   441     11850    3637.01    3659.13    22.1242     713      2560     
 2.64    443     11903    3637.01    3659.04    22.0348     705      2561     
 2.662   445     11950    3637.01    3659.03    22.0216     752      2564     
 2.676   447     12003    3637.01    3658.69    21.6788     721      2565     
 2.686   449     12050    3637.01    3658.68    21.6687     695      2566     
 2.686   451     12101    3637.01    3658.62    21.6158     746      2567     
 2.718   454     12163    3637.01    3658.19    21.1868     735      2574     
 2.722   456     12207    3637.01    3658.12    21.1143     716      2574     
 2.734   457     12250    3637.01    3658.12    21.1113     759      2574     
 2.75    458     12300    3637.01    3658.1     21.0898     732      2584     
 2.773   460     12355    3637.01    3657.99    20.9801     787      2589     
 2.789   462     12405    3637.01    3657.92    20.9129     762      2591     
 2.796   463     12450    3637.01    3657.85    20.842      752      2594     
 2.812   465     12500    3637.01    3657.82    20.8089     802      2598     
 2.838   466     12550    3637.01    3657.8     20.7912     790      2608     
 2.864   468     12609    3637.01    3657.74    20.7286     775      2618     
 2.864   470     12650    3637.01    3657.7     20.6881     816      2620     
 2.896   471     12707    3637.01    3657.63    20.6264     791      2627     
 2.905   472     12750    3637.01    3657.62    20.6173     774      2630     
 2.922   474     12805    3637.01    3657.54    20.5361     829      2633     
 2.928   475     12850    3637.01    3657.54    20.5294     796      2633     
 2.937   478     12900    3637.01    3657.5     20.4942     846      2633     
 2.96    480     12950    3637.01    3657.46    20.452      818      2637     
 2.977   482     13000    3637.01    3656.55    19.5465     664      2639     
 3.003   484     13061    3637.01    3656.52    19.5148     656      2646     
 3.012   485     13100    3637.01    3656.49    19.4801     695      2648     
 3.03    487     13153    3637.01    3656.42    19.4173     690      2659     
 3.052   489     13217    3637.01    3656.41    19.4017     691      2671     
 3.062   491     13250    3637.01    3656.31    19.3073     724      2674     
 3.077   493     13300    3637.01    3656.26    19.2574     699      2676     
 3.093   495     13369    3637.01    3656.23    19.2256     695      2691     
 3.116   497     13403    3637.01    3655.96    18.9494     729      2692     
 3.133   499     13450    3637.01    3655.8     18.7902     693      2697     
 3.161   501     13517    3637.01    3655.76    18.7517     689      2709     
 3.173   503     13553    3637.01    3655.74    18.7327     647      2711     
 3.188   505     13601    3637.01    3655.54    18.5359     695      2719     
 3.222   506     13650    3637.01    3655.52    18.5105     682      2738     
 3.234   508     13709    3637.01    3655.49    18.4843     680      2741     
 3.25    510     13765    3637.01    3655.42    18.4105     680      2747     
 3.269   511     13800    3637.01    3655.42    18.4101     715      2749     
 3.297   514     13859    3637.01    3655.07    18.0624     665      2762     
 3.322   515     13901    3637.01    3655.01    18.0047     633      2773     
 3.341   517     13953    3637.01    3654.89    17.8851     685      2778     
 3.343   519     14000    3637.01    3654.78    17.7756     672      2778     
 3.359   522     14055    3637.01    3654.29    17.284      648      2779     
 3.375   524     14105    3637.01    3654.28    17.2766     636      2783     
 3.398   526     14150    3637.01    3654.06    17.0512     681      2790     
 3.406   528     14200    3637.01    3654       16.9961     656      2795     
 3.431   531     14251    3637.01    3653.95    16.9422     639      2796     
 3.451   533     14300    3637.01    3653.94    16.9299     626      2803     
 3.468   535     14350    3637.01    3653.91    16.8978     676      2812     
 3.484   538     14400    3637.01    3653.26    16.2536     663      2814     
 3.501   540     14467    3637.01    3653.14    16.1315     670      2824     
 3.516   541     14500    3637.01    3653.07    16.0595     638      2824     
 3.532   544     14551    3637.01    3652.9     15.8904     689      2827     
 3.532   546     14600    3637.01    3652.78    15.7754     671      2828     
 3.562   548     14650    3637.01    3652.77    15.7596     684      2835     
 3.583   550     14701    3637.01    3652.69    15.6789     684      2841     
 3.594   551     14750    3637.01    3652.64    15.6302     733      2841     
 3.594   553     14800    3637.01    3652.6     15.5922     719      2841     
 3.634   555     14853    3637.01    3652.55    15.5445     701      2850     
 3.65    556     14900    3637.01    3652.5     15.4948     748      2863     
 3.67    558     14957    3637.01    3652.23    15.2254     712      2867     
 3.686   560     15000    3637.01    3652.15    15.1412     696      2874     
 3.713   562     15050    3637.01    3652.02    15.0169     746      2882     
 3.722   564     15105    3637.01    3651.95    14.9411     726      2884     
 3.749   566     15150    3637.01    3651.94    14.9312     696      2889     
 3.775   568     15200    3637.01    3651.89    14.885      746      2897     
 3.781   570     15255    3637.01    3651.87    14.8654     731      2902     
 3.798   572     15300    3637.01    3651.76    14.7533     711      2903     
 3.823   574     15350    3637.01    3651.74    14.7326     697      2905     
 3.844   576     15400    3637.01    3651.51    14.5064     747      2915     
 3.868   578     15450    3637.01    3651.47    14.4646     748      2916     
 3.882   580     15500    3637.01    3651.46    14.4532     740      2916     
 3.889   582     15550    3637.01    3650.68    13.6766     790      2921     
 3.908   584     15601    3637.01    3650.63    13.6249     777      2926     
 3.929   587     15650    3637.01    3650.59    13.584      760      2931     
 3.952   588     15700    3637.01    3650.55    13.5466     810      2935     
 3.987   591     15759    3637.01    3650.47    13.4587     798      2943     
 3.999   593     15811    3637.01    3650.43    13.4172     776      2946     
 4.023   595     15850    3637.01    3650.38    13.3733     815      2952     
 4.048   597     15901    3637.01    3650.3     13.2955     791      2959     
 4.063   600     15953    3637.01    3650.22    13.2138     843      2963     
 4.079   603     16001    3637.01    3647.89    10.8789     817      2964     
 4.108   606     16059    3637.01    3647.76    10.752      779      2971     
 4.124   607     16101    3637.01    3647.76    10.7498     821      2976     
 4.14    609     16155    3637.01    3647.71    10.7046     794      2987     
 4.156   611     16200    3637.01    3647.48    10.4767     754      2990     
 4.188   613     16250    3637.01    3647.44    10.4315     804      2998     
 4.213   615     16309    3637.01    3647.41    10.4052     790      3004     
 4.225   616     16351    3637.01    3647.41    10.3977     775      3007     
 4.234   617     16400    3637.01    3647.4     10.3915     824      3017     
 4.249   620     16450    3637.01    3647.37    10.3654     817      3017     
 4.266   621     16500    3637.01    3647.37    10.3573     867      3023     
 4.287   623     16551    3637.01    3647.35    10.3451     841      3027     
 4.299   625     16600    3637.01    3647.34    10.3337     890      3029     
 4.321   627     16661    3637.01    3647.3     10.2878     862      3029     
 4.328   628     16700    3637.01    3647.25    10.2418     816      3031     
 4.347   630     16763    3637.01    3647.21    10.2008     879      3035     
 4.362   631     16800    3637.01    3647.19    10.1843     847      3035     
 4.375   632     16850    3637.01    3647.18    10.1693     897      3039     
 4.392   634     16907    3637.01    3647.16    10.1482     862      3047     
 4.408   635     16950    3637.01    3647.12    10.1164     846      3047     
 4.437   636     17000    3637.01    3647.11    10.1016     896      3057     
 4.453   638     17059    3637.01    3647.09    10.0868     888      3066     
 4.469   639     17100    3637.01    3647.07    10.0604     929      3067     
 4.487   640     17150    3637.01    3647.05    10.0457     925      3070     
 4.523   642     17211    3637.01    3646.88    9.87565     851      3078     
 4.523   643     17250    3637.01    3646.64    9.63172     890      3078     
 4.549   646     17303    3637.01    3646.58    9.56909     839      3080     
 4.564   648     17350    3637.01    3646.58    9.5672      886      3090     
 4.593   649     17400    3637.01    3646.54    9.53256     834      3097     
 4.593   651     17450    3637.01    3646.33    9.32096     884      3098     
 4.639   652     17500    3637.01    3646.31    9.30404     859      3112     
 4.655   654     17553    3637.01    3646.16    9.15136     912      3119     
 4.676   656     17607    3637.01    3646.07    9.05811     893      3125     
 4.703   658     17653    3637.01    3646.03    9.01718     939      3131     
 4.724   660     17713    3637.01    3645.98    8.96927     941      3131     
 4.741   662     17761    3637.01    3645.97    8.96483     926      3134     
 4.761   663     17805    3637.01    3645.97    8.96398     970      3141     
 4.781   665     17859    3637.01    3645.95    8.94475     944      3145     
 4.8     667     17900    3637.01    3645.95    8.94225     985      3149     
 4.813   668     17950    3637.01    3645.92    8.91561     949      3150     
 4.829   670     18005    3637.01    3645.9     8.89704     1004     3150     
 4.845   672     18059    3637.01    3645.81    8.7995      989      3157     
 4.868   673     18100    3637.01    3645.8     8.79202     1030     3157     
 4.874   675     18150    3637.01    3645.63    8.62606     961      3159     
 4.89    677     18200    3637.01    3645.63    8.62434     1011     3164     
 4.922   679     18250    3637.01    3645.61    8.60104     956      3165     
 4.928   681     18303    3637.01    3645.58    8.57155     1009     3165     
 4.954   683     18350    3637.01    3645.58    8.5675      971      3169     
 4.983   685     18417    3637.01    3645.55    8.54325     946      3179     
 4.999   687     18459    3637.01    3645.53    8.51781     988      3180     
 5.063   689     18500    3637.01    3645.38    8.37445     612      3185     
 5.092   691     18550    3637.01    3645.33    8.32646     662      3199     
 5.109   693     18607    3637.01    3645.31    8.29993     665      3205     
 5.126   695     18655    3637.01    3645.27    8.2669      662      3205     
 5.153   697     18705    3637.01    3645.27    8.26488     648      3210     
 5.162   699     18761    3637.01    3645.23    8.22336     704      3211     
 5.187   700     18800    3637.01    3645.23    8.2204      690      3217     
 5.202   702     18850    3637.01    3645.2     8.19532     699      3221     
 5.234   704     18900    3637.01    3645.07    8.05834     749      3234     
 5.234   706     18950    3637.01    3645.06    8.05471     742      3235     
 5.27    708     19011    3637.01    3645.05    8.04232     732      3238     
 5.298   709     19050    3637.01    3644.99    7.97845     714      3245     
 5.328   711     19100    3637.01    3644.98    7.97027     764      3260     
 5.344   714     19151    3637.01    3644.76    7.75444     764      3260     
 5.363   715     19200    3637.01    3644.73    7.72604     746      3265     
 5.376   717     19250    3637.01    3644.73    7.72354     796      3269     
 5.416   719     19305    3637.01    3644.69    7.68504     783      3275     
 5.437   721     19361    3637.01    3644.65    7.64579     775      3284     
 5.453   722     19400    3637.01    3644.65    7.6443      814      3285     
 5.471   724     19457    3637.01    3644.63    7.62139     792      3289     
 5.551   726     19505    3637.01    3644.61    7.60237     572      3303     
 5.563   727     19550    3637.01    3644.61    7.60147     617      3305     
 5.588   729     19600    3637.01    3644.59    7.58596     597      3315     
 5.61    731     19650    3637.01    3644.48    7.46939     572      3317     
 5.61    733     19707    3637.01    3644.46    7.44728     571      3320     
 5.636   734     19750    3637.01    3644.44    7.42978     614      3320     
 5.671   736     19815    3637.01    3644.43    7.4187      619      3333     
 5.671   737     19850    3637.01    3644.42    7.41573     600      3333     
 5.703   739     19915    3637.01    3644.41    7.406       612      3338     
 5.703   740     19950    3637.01    3644.41    7.39943     647      3338     
 5.743   741     20000    3637.01    3644.39    7.3825      662      3348     
 5.749   743     20059    3637.01    3644.08    7.07312     680      3351     
 5.783   745     20103    3637.01    3643.87    6.86132     626      3351     
 5.801   747     20150    3637.01    3643.81    6.8045      673      3352     
 5.829   750     20213    3637.01    3643.73    6.71709     691      3359     
 5.845   751     20250    3637.01    3643.7     6.69066     628      3359     
 5.859   753     20311    3637.01    3643.69    6.68272     631      3362     
 5.875   754     20350    3637.01    3643.67    6.66333     670      3362     
 5.89    756     20417    3637.01    3643.66    6.65312     682      3372     
 5.906   757     20450    3637.01    3643.66    6.64754     624      3377     
 5.926   759     20500    3637.01    3643.65    6.64498     674      3378     
 5.968   760     20550    3637.01    3643.64    6.63239     549      3381     
 5.984   763     20600    3637.01    3643.62    6.61457     599      3384     
 6.016   765     20663    3637.01    3643.61    6.60431     556      3388     
 6.026   766     20700    3637.01    3643.6     6.59579     593      3388     
 6.077   767     20750    3637.01    3643.6     6.58948     510      3405     
 6.124   769     20807    3637.01    3643.49    6.48171     465      3413     
 6.141   771     20855    3637.01    3643.46    6.45535     474      3419     
 6.161   773     20903    3637.01    3643.41    6.406       493      3431     
 6.181   775     20957    3637.01    3643.39    6.37841     521      3431     
 6.186   776     21000    3637.01    3643.38    6.37619     564      3432     
 6.206   778     21057    3637.01    3643.37    6.35732     537      3437     
 6.226   779     21100    3637.01    3643.36    6.34814     508      3437     
 6.265   781     21157    3637.01    3643.21    6.19927     390      3453     
 6.296   783     21209    3637.01    3643.18    6.17324     400      3458     
 6.302   784     21250    3637.01    3643.18    6.17298     403      3460     
 6.328   786     21300    3637.01    3643.18    6.17058     417      3466     
 6.344   788     21355    3637.01    3643.16    6.14915     432      3474     
 6.383   790     21401    3637.01    3643.12    6.10851     435      3485     
 6.406   792     21450    3637.01    3643.1     6.08973     379      3491     
 6.438   794     21500    3637.01    3643.09    6.08159     385      3497     
 6.469   796     21555    3637.01    3642.86    5.85179     403      3511     
 6.501   798     21600    3637.01    3642.83    5.81896     419      3518     
 6.514   800     21655    3637.01    3642.82    5.81258     431      3522     
 6.549   801     21700    3637.01    3642.81    5.80515     361      3527     
 6.562   803     21757    3637.01    3642.77    5.75927     392      3531     
 6.578   805     21800    3637.01    3642.75    5.738       402      3535     
 6.594   807     21855    3637.01    3642.74    5.73272     409      3539     
 6.622   808     21900    3637.01    3642.74    5.72831     415      3546     
 6.649   810     21961    3637.01    3642.73    5.71852     399      3553     
 6.675   811     22000    3637.01    3642.71    5.70297     438      3565     
 6.701   813     22057    3637.01    3642.64    5.63582     429      3575     
 6.75    814     22119    3637.01    3642.64    5.63432     350      3593     
 6.75    815     22150    3637.01    3642.64    5.63165     381      3594     
 6.766   816     22200    3637.01    3642.64    5.62787     377      3596     
 6.797   818     22269    3637.01    3642.63    5.61938     386      3603     
 6.813   819     22309    3637.01    3642.61    5.60561     412      3603     
 6.818   820     22350    3637.01    3642.61    5.60189     453      3606     
 6.843   822     22401    3637.01    3642.61    5.60015     408      3613     
 6.89    823     22450    3637.01    3642.59    5.57905     377      3625     
 6.906   825     22505    3637.01    3642.58    5.57461     398      3627     
 6.927   827     22555    3637.01    3642.58    5.5713      417      3630     
 6.94    829     22607    3637.01    3642.4     5.39542     431      3631     
 6.953   830     22650    3637.01    3642.4     5.39526     449      3635     
 6.985   832     22701    3637.01    3642.39    5.38484     452      3645     
 7.016   834     22750    3637.01    3642.35    5.34384     479      3653     
 7.054   836     22800    3637.01    3642.34    5.32799     390      3654     
 7.062   838     22850    3637.01    3642.33    5.31682     411      3657     
 7.098   839     22900    3637.01    3642.31    5.30504     411      3674     
 7.11    841     22950    3637.01    3642.1     5.08771     421      3681     
 7.128   843     23000    3637.01    3642.09    5.07778     444      3683     
 7.148   845     23050    3637.01    3642.07    5.06419     440      3684     
 7.169   847     23100    3637.01    3642.06    5.05588     427      3687     
 7.187   849     23151    3637.01    3642.05    5.04411     436      3695     
 7.203   851     23201    3637.01    3642.03    5.02583     459      3701     
 7.244   853     23250    3637.01    3641.62    4.61192     427      3709     
 7.268   855     23307    3637.01    3641.59    4.57936     363      3712     
 7.28    857     23353    3637.01    3641.57    4.56232     373      3713     
 7.304   858     23400    3637.01    3641.56    4.55579     387      3720     
 7.328   860     23455    3637.01    3641.55    4.54181     415      3729     
 7.36    862     23509    3637.01    3641.54    4.52853     434      3734     
 7.39    864     23555    3637.01    3641.53    4.52179     346      3737     
 7.413   865     23600    3637.01    3641.53    4.51937     353      3744     
 7.438   866     23650    3637.01    3641.52    4.51343     357      3758     
 7.454   868     23700    3637.01    3641.47    4.45994     363      3763     
 7.499   871     23755    3637.01    3641.38    4.37385     337      3770     
 7.53    873     23817    3637.01    3641.38    4.36682     331      3781     
 7.562   874     23851    3637.01    3641.38    4.36647     331      3784     
 7.607   876     23919    3637.01    3641.37    4.36439     332      3794     
 7.628   877     23950    3637.01    3641.37    4.3637      323      3795     
 7.641   879     24000    3637.01    3641.37    4.35936     332      3796     
 7.68    881     24059    3637.01    3641.34    4.33159     318      3799     
 7.697   882     24103    3637.01    3641.34    4.33149     340      3806     
 7.718   884     24165    3637.01    3641.34    4.33063     367      3806     
 7.729   885     24200    3637.01    3641.34    4.33007     370      3808     
 7.765   887     24250    3637.01    3641.34    4.3293      357      3818     
 7.781   888     24300    3637.01    3640.54    3.52924     364      3824     
 7.818   890     24363    3637.01    3640.53    3.5206      386      3833     
 7.827   891     24400    3637.01    3640.52    3.51564     387      3834     
 7.843   893     24459    3637.01    3640.51    3.50148     353      3834     
 7.843   895     24500    3637.01    3640.51    3.50141     362      3834     
 7.885   897     24565    3637.01    3640.48    3.47047     391      3839     
 7.893   898     24600    3637.01    3640.48    3.46842     308      3839     
 7.942   900     24665    3637.01    3640.48    3.46697     312      3844     
 7.951   901     24700    3637.01    3640.47    3.46139     315      3844     
 7.969   903     24757    3637.01    3640.46    3.44661     347      3845     
 7.969   904     24800    3637.01    3640.45    3.44386     325      3847     
 8.017   905     24850    3637.01    3640.45    3.44341     281      3857     
 8.04    907     24903    3637.01    3640.44    3.43518     306      3860     
 8.06    908     24950    3637.01    3640.44    3.43118     308      3860     
 8.083   910     25015    3637.01    3640.44    3.42777     313      3862     
 8.083   911     25050    3637.01    3640.43    3.42396     315      3862     
 8.126   913     25117    3637.01    3640.43    3.42017     317      3871     
 8.129   914     25165    3637.01    3640.42    3.40991     331      3875     
 8.171   915     25207    3637.01    3640.42    3.4081      281      3879     
 8.182   916     25250    3637.01    3640.42    3.40678     290      3880     
 8.202   918     25313    3637.01    3640.41    3.39722     333      3887     
 8.218   919     25351    3637.01    3640.39    3.37967     321      3887     
 8.265   920     25411    3637.01    3640.39    3.37797     288      3900     
 8.265   921     25450    3637.01    3640.39    3.37626     307      3900     
 8.281   923     25503    3637.01    3640.38    3.37346     330      3903     
 8.313   925     25559    3637.01    3640.35    3.33751     322      3908     
 8.333   926     25600    3637.01    3640.34    3.32955     290      3908     
 8.344   928     25650    3637.01    3640.34    3.32768     310      3908     
 8.374   930     25700    3637.01    3640.32    3.31193     299      3908     
 8.39    931     25750    3637.01    3640.29    3.28586     320      3910     
 8.429   933     25809    3637.01    3640.29    3.27678     331      3925     
 8.439   934     25850    3637.01    3640.28    3.27529     342      3925     
 8.471   936     25919    3637.01    3640.26    3.25587     305      3927     
 8.499   937     25957    3637.01    3640.25    3.2446      326      3928     
 8.501   938     26000    3637.01    3640.25    3.24174     337      3928     
 8.556   939     26050    3637.01    3640.24    3.22803     353      3942     
 8.565   941     26103    3637.01    3640.06    3.04809     376      3942     
 8.585   942     26150    3637.01    3640.05    3.04503     358      3942     
 8.593   945     26200    3637.01    3640.04    3.02839     314      3944     
 8.641   948     26255    3637.01    3639.99    2.98594     323      3948     
 8.659   950     26309    3637.01    3639.97    2.96496     352      3951     
 8.698   952     26369    3637.01    3639.95    2.94332     340      3960     
 8.718   953     26400    3637.01    3639.95    2.94085     313      3964     
 8.734   955     26453    3637.01    3639.94    2.9309      334      3969     
 8.766   956     26517    3637.01    3639.91    2.90454     313      3989     
 8.784   958     26557    3637.01    3639.91    2.90251     323      3990     
 8.811   959     26600    3637.01    3639.9     2.89499     335      4008     
 8.859   960     26650    3637.01    3639.75    2.73679     342      4025     
 8.875   962     26705    3637.01    3639.68    2.67127     308      4030     
 8.917   964     26750    3637.01    3639.58    2.57597     302      4030     
 8.921   966     26803    3637.01    3639.58    2.56727     341      4033     
 8.953   968     26861    3637.01    3639.57    2.56155     303      4034     
 8.969   969     26905    3637.01    3639.56    2.54799     307      4037     
 8.985   971     26963    3637.01    3639.54    2.52827     340      4038     
 9.001   972     27000    3637.01    3639.53    2.51673     360      4039     
 9.03    974     27050    3637.01    3639.44    2.42773     362      4041     
 9.051   976     27100    3637.01    3639.42    2.41491     379      4048     
 9.08    978     27150    3637.01    3639.37    2.3564      392      4051     
 9.08    979     27200    3637.01    3639.36    2.35039     369      4051     
 9.14    981     27255    3637.01    3639.34    2.33223     309      4060     
 9.172   982     27305    3637.01    3639.34    2.32919     306      4069     
 9.231   983     27361    3637.01    3639.34    2.32656     289      4083     
 9.249   985     27405    3637.01    3639.31    2.29689     289      4085     
 9.281   987     27459    3637.01    3639.27    2.26294     289      4089     
 9.297   988     27500    3637.01    3639.27    2.26079     288      4090     
 9.33    990     27567    3637.01    3639.26    2.25611     289      4093     
 9.358   991     27601    3637.01    3639.26    2.25436     289      4093     
 9.359   993     27657    3637.01    3639.24    2.22686     324      4096     
 9.391   994     27700    3637.01    3639.21    2.20522     290      4096     
 9.407   996     27751    3637.01    3639.16    2.15426     290      4099     
 9.447   997     27800    3637.01    3639.16    2.15019     290      4100     
 9.468   998     27850    3637.01    3639.16    2.15        305      4113     
 9.5     1000    27900    3637.01    3639.15    2.14414     290      4117     
 9.532   1002    27955    3637.01    3639.14    2.13242     291      4122     
 9.567   1003    28000    3637.01    3639.14    2.12941     290      4123     
 9.577   1005    28050    3637.01    3639.13    2.12568     289      4124     
 9.609   1007    28100    3637.01    3639.13    2.12543     290      4125     
 9.63    1008    28150    3637.01    3639.13    2.12107     290      4128     
 9.674   1011    28203    3637.01    3639.11    2.10177     288      4131     
 9.694   1012    28250    3637.01    3639.11    2.099       293      4135     
 9.721   1014    28300    3637.01    3639.1     2.09005     308      4146     
 9.749   1016    28350    3637.01    3639.07    2.05923     294      4152     
 9.796   1017    28400    3637.01    3639.07    2.05873     298      4163     
 9.83    1019    28453    3637.01    3639.07    2.05641     294      4168     
 9.859   1021    28513    3637.01    3639.06    2.0525      302      4172     
 9.875   1022    28555    3637.01    3639.06    2.05074     291      4175     
 9.905   1024    28600    3637.01    3638.99    1.98223     289      4180     
 9.956   1026    28665    3637.01    3638.99    1.97852     290      4187     
 9.97    1027    28700    3637.01    3638.99    1.97769     289      4188     
 10.002  1029    28751    3637.01    3638.98    1.97417     312      4192     
 10.015  1031    28811    3637.01    3638.98    1.97231     313      4196     
 10.031  1032    28850    3637.01    3638.98    1.97222     293      4198     
 10.063  1034    28915    3637.01    3638.98    1.97073     317      4204     
 10.103  1035    28950    3637.01    3638.97    1.96591     289      4208     
 10.141  1037    29000    3637.01    3638.97    1.96118     323      4221     
 10.197  1038    29055    3637.01    3638.97    1.9608      301      4231     
 10.21   1039    29100    3637.01    3638.97    1.96041     318      4234     
 10.234  1040    29150    3637.01    3638.97    1.95885     314      4252     
 10.266  1042    29200    3637.01    3638.95    1.93824     333      4259     
 10.298  1044    29250    3637.01    3638.91    1.89931     329      4271     
 10.338  1046    29305    3637.01    3638.9     1.88748     341      4274     
 10.342  1047    29350    3637.01    3638.89    1.88521     351      4276     
 10.39   1048    29400    3637.01    3638.89    1.88479     372      4289     
 10.443  1050    29450    3637.01    3638.88    1.87016     301      4297     
 10.468  1052    29500    3637.01    3638.88    1.86663     329      4306     
 10.5    1053    29555    3637.01    3638.87    1.86563     324      4306     
 10.5    1054    29600    3637.01    3638.87    1.86213     329      4306     
 10.558  1055    29650    3637.01    3638.86    1.85503     300      4314     
 10.562  1057    29703    3637.01    3638.85    1.8446      325      4316     
 10.61   1058    29750    3637.01    3638.84    1.83552     321      4324     
 10.626  1060    29801    3637.01    3638.83    1.82301     351      4326     
 10.67   1062    29850    3637.01    3638.82    1.8116      346      4337     
 10.694  1064    29900    3637.01    3638.8     1.79073     375      4344     
 10.73   1066    29953    3637.01    3638.79    1.77739     400      4353     
 10.778  1068    30009    3637.01    3638.78    1.76635     315      4363     
 10.781  1071    30050    3637.01    3638.64    1.63012     322      4366     
 10.812  1072    30100    3637.01    3638.64    1.62939     341      4367     
 10.828  1074    30157    3637.01    3638.63    1.62557     324      4367     
 10.864  1075    30200    3637.01    3638.63    1.62098     334      4372     
 10.89   1077    30257    3637.01    3638.63    1.61666     316      4379     
 10.937  1079    30307    3637.01    3638.62    1.60835     318      4380     
 10.949  1081    30363    3637.01    3638.61    1.6047      344      4380     
 10.969  1082    30400    3637.01    3638.61    1.60463     349      4382     
 10.997  1084    30450    3637.01    3638.6     1.59405     352      4388     
 11.031  1086    30500    3637.01    3638.6     1.59302     317      4391     
 11.062  1087    30550    3637.01    3638.6     1.5929      319      4398     
 11.09   1089    30605    3637.01    3638.6     1.58804     358      4403     
 11.133  1090    30650    3637.01    3638.6     1.58649     346      4412     
 11.14   1092    30707    3637.01    3638.59    1.58419     370      4415     
 11.174  1093    30750    3637.01    3638.59    1.57871     382      4418     
 11.218  1095    30815    3637.01    3638.58    1.57145     326      4426     
 11.266  1096    30850    3637.01    3638.57    1.56004     330      4434     
 11.3    1098    30911    3637.01    3638.56    1.55091     331      4445     
 11.359  1099    30959    3637.01    3638.55    1.54251     333      4461     
 11.375  1100    31000    3637.01    3638.55    1.53876     340      4472     
 11.414  1102    31050    3637.01    3638.53    1.52516     358      4478     
 11.485  1104    31113    3637.01    3638.53    1.52097     333      4491     
 11.485  1106    31151    3637.01    3638.52    1.50943     345      4492     
 11.516  1107    31200    3637.01    3638.51    1.50348     367      4492     
 11.54   1109    31250    3637.01    3638.51    1.49864     383      4493     
 11.546  1110    31300    3637.01    3638.51    1.49667     380      4496     
 11.61   1111    31350    3637.01    3638.5     1.4956      337      4510     
 11.626  1113    31400    3637.01    3638.5     1.49136     353      4513     
 11.656  1114    31451    3637.01    3638.5     1.48825     372      4513     
 11.656  1115    31500    3637.01    3638.49    1.48562     350      4514     
 11.687  1116    31550    3637.01    3638.49    1.48277     365      4519     
 11.718  1118    31613    3637.01    3638.49    1.48098     354      4519     
 11.766  1120    31650    3637.01    3638.49    1.4792      340      4530     
 11.799  1121    31703    3637.01    3638.47    1.46149     373      4531     
 11.813  1123    31763    3637.01    3638.47    1.45812     394      4539     
 11.832  1125    31811    3637.01    3638.47    1.45638     385      4541     
 11.873  1126    31850    3637.01    3638.46    1.45509     386      4542     
 11.908  1128    31900    3637.01    3638.46    1.45368     347      4551     
 11.938  1129    31950    3637.01    3638.46    1.45221     376      4552     
 11.983  1131    32013    3637.01    3638.46    1.4505      392      4567     
 12.015  1132    32050    3637.01    3638.46    1.45032     400      4567     
 12.033  1135    32119    3637.01    3638.44    1.42729     396      4576     
 12.049  1136    32155    3637.01    3638.44    1.4265      406      4576     
 12.095  1138    32211    3637.01    3638.43    1.42497     348      4576     
 12.097  1139    32250    3637.01    3638.43    1.42206     351      4577     
 12.14   1141    32301    3637.01    3638.43    1.42195     367      4577     
 12.156  1142    32350    3637.01    3638.43    1.42153     381      4578     
 12.211  1144    32415    3637.01    3638.43    1.41738     346      4584     
 12.221  1145    32450    3637.01    3638.36    1.35123     346      4584     
 12.235  1147    32501    3637.01    3638.35    1.344       371      4587     
 12.266  1148    32550    3637.01    3638.35    1.34128     384      4593     
 12.314  1150    32607    3637.01    3638.35    1.33736     346      4604     
 12.344  1152    32650    3637.01    3638.34    1.33566     346      4609     
 12.415  1153    32701    3637.01    3638.34    1.33454     347      4617     
 12.434  1156    32761    3637.01    3638.34    1.33342     371      4621     
 12.453  1158    32807    3637.01    3638.34    1.33133     381      4621     
 12.485  1160    32861    3637.01    3638.32    1.31591     377      4627     
 12.546  1162    32911    3637.01    3638.32    1.31493     391      4636     
 12.564  1163    32950    3637.01    3638.31    1.30514     405      4646     
 12.625  1164    33000    3637.01    3638.09    1.0804      351      4660     
 12.672  1166    33051    3637.01    3638.07    1.05791     373      4669     
 12.75   1167    33141    3637.01    3638.06    1.05327     356      4697     
 12.75   1167    33150    3637.01    3638.06    1.05327     365      4697     
 12.815  1169    33205    3637.01    3638.05    1.04601     388      4704     
 12.834  1170    33250    3637.01    3638.05    1.04599     363      4704     
 12.906  1171    33300    3637.01    3638.05    1.04569     359      4711     
 12.934  1172    33350    3637.01    3638.05    1.04453     392      4718     
 12.955  1174    33403    3637.01    3638.05    1.04061     416      4722     
 12.984  1176    33450    3637.01    3638.03    1.02227     421      4722     
 13.001  1177    33500    3637.01    3638.03    1.02208     425      4724     
 13.07   1179    33565    3637.01    3638.03    1.02125     354      4730     
 13.093  1180    33623    3637.01    3638.03    1.02109     379      4741     
 13.109  1181    33665    3637.01    3638.03    1.02094     380      4744     
 13.141  1182    33707    3637.01    3638.03    1.02078     380      4744     
 13.157  1183    33753    3637.01    3638.03    1.02073     381      4747     
 13.202  1184    33807    3637.01    3638.03    1.02069     404      4752     
 13.218  1185    33850    3637.01    3638.03    1.02068     409      4752     
 13.267  1186    33900    3637.01    3638.03    1.02056     358      4760     
 13.296  1188    33951    3637.01    3638.02    1.01283     373      4766     
 13.316  1189    34000    3637.01    3638.02    1.01088     385      4768     
 13.334  1191    34051    3637.01    3638.02    1.008       405      4768     
 13.359  1192    34100    3637.01    3638.02    1.00711     427      4768     
 13.397  1193    34150    3637.01    3638.01    1.00429     362      4772     
 13.421  1195    34207    3637.01    3638.01    1.00156     362      4773     
 13.437  1196    34250    3637.01    3638.01    1.00109     370      4776     
 13.453  1198    34315    3637.01    3638       0.994373    398      4778     
 13.506  1199    34350    3637.01    3638       0.990239    398      4779     
 13.515  1201    34411    3637.01    3637.99    0.98487     385      4779     
 13.515  1202    34450    3637.01    3637.99    0.980379    393      4780     
 13.578  1204    34515    3637.01    3637.98    0.969618    405      4788     
 13.612  1205    34555    3637.01    3637.98    0.968496    367      4790     
 13.641  1206    34603    3637.01    3637.98    0.967641    370      4796     
 13.672  1207    34653    3637.01    3637.98    0.966271    393      4800     
 13.688  1208    34700    3637.01    3637.97    0.964542    407      4804     
 13.738  1210    34757    3637.01    3637.97    0.961862    428      4808     
 13.75   1212    34813    3637.01    3637.96    0.954193    443      4810     
 13.797  1214    34865    3637.01    3637.96    0.950531    384      4811     
 13.813  1215    34900    3637.01    3637.96    0.950167    419      4812     
 13.841  1216    34950    3637.01    3637.95    0.945379    399      4818     
 13.875  1218    35013    3637.01    3637.95    0.943473    430      4820     
 13.875  1219    35051    3637.01    3637.95    0.942667    427      4820     
 13.907  1221    35115    3637.01    3637.95    0.940805    403      4822     
 13.952  1222    35150    3637.01    3637.95    0.939371    385      4822     
 13.968  1224    35200    3637.01    3637.95    0.937388    389      4825     
 14.016  1226    35265    3637.01    3637.94    0.929055    429      4840     
 14.078  1228    35311    3637.01    3637.94    0.927685    393      4844     
 14.094  1229    35350    3637.01    3637.93    0.921196    432      4851     
 14.164  1231    35415    3637.01    3637.93    0.918107    448      4855     
 14.171  1232    35453    3637.01    3637.93    0.917832    439      4855     
 14.187  1233    35500    3637.01    3637.93    0.917696    442      4859     
 14.243  1235    35561    3637.01    3637.93    0.917111    398      4859     
 14.26   1238    35600    3637.01    3637.92    0.913308    437      4862     
 14.276  1239    35650    3637.01    3637.89    0.884053    418      4863     
 14.329  1240    35700    3637.01    3637.89    0.87703     444      4872     
 14.361  1242    35750    3637.01    3637.88    0.875982    462      4881     
 14.406  1244    35800    3637.01    3637.87    0.85973     478      4890     
 14.438  1246    35873    3637.01    3637.86    0.854621    528      4901     
 14.47   1247    35900    3637.01    3637.86    0.852946    398      4905     
 14.515  1250    35950    3637.01    3637.85    0.845531    420      4906     
 14.537  1251    36000    3637.01    3637.85    0.845369    434      4910     
 14.568  1253    36055    3637.01    3637.85    0.843373    452      4916     
 14.609  1254    36100    3637.01    3637.85    0.843295    429      4918     
 14.673  1255    36163    3637.01    3637.85    0.843228    399      4933     
 14.716  1256    36211    3637.01    3637.85    0.843209    416      4933     
 14.738  1257    36257    3637.01    3637.85    0.843179    420      4939     
 14.748  1258    36300    3637.01    3637.85    0.843013    422      4939     
 14.797  1259    36350    3637.01    3637.85    0.842976    400      4944     
 14.844  1260    36400    3637.01    3637.85    0.841564    436      4956     
 14.876  1262    36457    3637.01    3637.84    0.831436    472      4965     
 14.926  1264    36507    3637.01    3637.84    0.827755    487      4965     
 14.953  1265    36550    3637.01    3637.84    0.827729    409      4965     
 14.969  1267    36611    3637.01    3637.83    0.825315    430      4969     
 15.023  1269    36663    3637.01    3637.83    0.822875    452      4971     
 15.069  1271    36719    3637.01    3637.83    0.820815    472      4984     
 15.079  1272    36750    3637.01    3637.83    0.820671    470      4984     
 15.155  1274    36815    3637.01    3637.83    0.818971    409      4990     
 15.171  1275    36850    3637.01    3637.82    0.815593    444      4991     
 15.203  1277    36905    3637.01    3637.82    0.807285    411      4991     
 15.238  1278    36951    3637.01    3637.81    0.80604     426      4995     
 15.296  1279    37003    3637.01    3637.81    0.80473     410      5008     
 15.355  1280    37050    3637.01    3637.81    0.804241    432      5011     
 15.39   1281    37100    3637.01    3637.81    0.803944    443      5021     
 15.454  1282    37169    3637.01    3637.81    0.803593    418      5041     
 15.515  1283    37221    3637.01    3637.81    0.803163    430      5051     
 15.515  1284    37251    3637.01    3637.81    0.802629    460      5054     
 15.563  1285    37300    3637.01    3637.81    0.797358    478      5063     
 15.626  1287    37353    3637.01    3637.8     0.794194    417      5069     
 15.685  1288    37403    3637.01    3637.8     0.792179    434      5084     
 15.703  1290    37455    3637.01    3637.79    0.785393    459      5087     
 15.812  1291    37517    3637.01    3637.79    0.783747    439      5111     
 15.839  1292    37550    3637.01    3637.79    0.778734    472      5117     
 15.86   1294    37600    3637.01    3637.78    0.773964    491      5124     
 15.941  1296    37655    3637.01    3637.77    0.76301     509      5139     
 15.969  1298    37717    3637.01    3637.77    0.761828    525      5145     
 15.985  1299    37750    3637.01    3637.77    0.760383    518      5146     
 16.039  1301    37800    3637.01    3637.75    0.741942    527      5148     
 16.07   1303    37850    3637.01    3637.75    0.740712    426      5148     
 16.078  1304    37900    3637.01    3637.75    0.740617    434      5148     
 16.14   1306    37953    3637.01    3637.75    0.739502    446      5149     
 16.157  1307    38000    3637.01    3637.75    0.738156    448      5151     
 16.172  1309    38057    3637.01    3637.75    0.737931    461      5152     
 16.22   1310    38100    3637.01    3637.75    0.737858    460      5152     
 16.244  1312    38150    3637.01    3637.72    0.715367    460      5154     
 16.321  1314    38219    3637.01    3637.72    0.7131      424      5157     
 16.329  1315    38257    3637.01    3637.72    0.712439    462      5157     
 16.361  1316    38300    3637.01    3637.72    0.712383    477      5163     
 16.377  1318    38357    3637.01    3637.72    0.708997    469      5168     
 16.44   1320    38400    3637.01    3637.72    0.708711    512      5175     
 16.468  1322    38451    3637.01    3637.71    0.702893    515      5177     
 16.54   1324    38511    3637.01    3637.71    0.699626    428      5192     
 16.626  1326    38569    3637.01    3637.7     0.692908    443      5206     
 16.642  1327    38600    3637.01    3637.7     0.692658    474      5210     
 16.684  1329    38653    3637.01    3637.7     0.691485    476      5217     
 16.74   1331    38703    3637.01    3637.7     0.689729    495      5219     
 16.812  1333    38757    3637.01    3637.69    0.678043    441      5230     
 16.821  1335    38801    3637.01    3637.69    0.677175    485      5230     
 16.894  1336    38850    3637.01    3637.69    0.677026    446      5237     
 16.921  1337    38900    3637.01    3637.69    0.676696    459      5243     
 16.968  1338    38950    3637.01    3637.69    0.676403    445      5251     
 17.009  1339    39000    3637.01    3637.69    0.676307    472      5258     
 17.102  1340    39050    3637.01    3637.69    0.676306    447      5264     
 17.141  1341    39100    3637.01    3637.69    0.67621     471      5275     
 17.172  1342    39150    3637.01    3637.69    0.676091    475      5280     
 17.257  1343    39200    3637.01    3637.68    0.675936    498      5287     
 17.281  1345    39269    3637.01    3637.68    0.675311    533      5298     
 17.343  1346    39309    3637.01    3637.68    0.675281    466      5303     
 17.407  1347    39350    3637.01    3637.68    0.672271    507      5312     
 17.437  1349    39400    3637.01    3637.68    0.670127    527      5318     
 17.469  1351    39450    3637.01    3637.68    0.669717    547      5329     
 17.542  1353    39515    3637.01    3637.68    0.667662    582      5330     
 17.577  1354    39550    3637.01    3637.68    0.667216    567      5336     
 17.593  1356    39603    3637.01    3637.67    0.664854    573      5340     
 17.661  1357    39655    3637.01    3637.66    0.649674    472      5349     
 17.734  1358    39700    3637.01    3637.66    0.648628    517      5355     
 17.772  1359    39750    3637.01    3637.66    0.647539    537      5364     
 17.796  1361    39815    3637.01    3637.66    0.646811    515      5369     
 17.812  1362    39850    3637.01    3637.65    0.64404     550      5370     
 17.889  1363    39900    3637.01    3637.65    0.643988    571      5377     
 17.921  1364    39950    3637.01    3637.65    0.643951    595      5379     
 17.953  1365    40005    3637.01    3637.65    0.643871    565      5390     
 18.047  1366    40055    3637.01    3637.65    0.643869    471      5394     
 18.079  1367    40101    3637.01    3637.65    0.643813    517      5397     
 18.124  1368    40177    3637.01    3637.65    0.643667    519      5414     
 18.21   1369    40215    3637.01    3637.65    0.643584    476      5414     
 18.218  1370    40250    3637.01    3637.65    0.642748    511      5415     
 18.266  1371    40300    3637.01    3637.65    0.642701    529      5423     
 18.282  1373    40375    3637.01    3637.65    0.64261     524      5425     
 18.36   1374    40407    3637.01    3637.65    0.642442    489      5427     
 18.376  1375    40450    3637.01    3637.65    0.642166    532      5428     
 18.407  1377    40513    3637.01    3637.65    0.641603    495      5431     
 18.444  1378    40550    3637.01    3637.65    0.63919     532      5441     
 18.579  1379    40600    3637.01    3637.65    0.638562    490      5457     
 18.594  1381    40650    3637.01    3637.65    0.637958    509      5461     
 18.626  1382    40700    3637.01    3637.65    0.637941    559      5466     
 18.752  1383    40759    3637.01    3637.65    0.637928    541      5484     
 18.774  1384    40817    3637.01    3637.65    0.637041    541      5487     
 18.812  1385    40851    3637.01    3637.65    0.636232    575      5495     
 18.867  1387    40900    3637.01    3637.64    0.632963    488      5498     
 18.972  1389    40965    3637.01    3637.57    0.564083    503      5508     
 18.983  1391    41009    3637.01    3637.57    0.562156    547      5509     
 18.999  1392    41050    3637.01    3637.57    0.561567    538      5509     
 19.031  1393    41101    3637.01    3637.57    0.559032    540      5518     
 19.125  1395    41163    3637.01    3637.56    0.555142    492      5523     
 19.157  1397    41207    3637.01    3637.56    0.553728    536      5525     
 19.249  1398    41250    3637.01    3637.56    0.553728    492      5559     
 19.33   1398    41300    3637.01    3637.56    0.553258    495      5559     
 19.376  1400    41353    3637.01    3637.56    0.550134    507      5568     
 19.418  1401    41401    3637.01    3637.56    0.549129    555      5577     
 19.446  1402    41450    3637.01    3637.54    0.533898    566      5584     
 19.58   1403    41500    3637.01    3637.54    0.532103    493      5589     
 19.61   1405    41565    3637.01    3637.54    0.53006     497      5593     
 19.64   1407    41617    3637.01    3637.54    0.527068    504      5597     
 19.672  1408    41653    3637.01    3637.54    0.52668     540      5603     
 19.781  1410    41713    3637.01    3637.53    0.524939    558      5613     
 19.832  1411    41750    3637.01    3637.53    0.524696    547      5619     
 19.891  1412    41801    3637.01    3637.53    0.52435     495      5634     
 19.984  1414    41851    3637.01    3637.53    0.519686    504      5637     
 20.048  1415    41900    3637.01    3637.53    0.519602    497      5646     
 20.093  1417    41957    3637.01    3637.53    0.51812     513      5653     
 20.125  1418    42009    3637.01    3637.53    0.518025    513      5657     
 20.251  1419    42055    3637.01    3637.53    0.517955    505      5660     
 20.274  1421    42109    3637.01    3637.53    0.517721    511      5661     
 20.326  1422    42161    3637.01    3637.53    0.517682    529      5673     
 20.421  1423    42217    3637.01    3637.53    0.517557    534      5675     
 20.453  1424    42250    3637.01    3637.53    0.517373    567      5679     
 20.531  1425    42300    3637.01    3637.53    0.517356    511      5689     
 20.562  1426    42350    3637.01    3637.53    0.517337    561      5694     
 20.703  1428    42413    3637.01    3637.53    0.517312    513      5699     
 20.734  1429    42450    3637.01    3637.53    0.517299    550      5700     
 20.75   1430    42500    3637.01    3637.53    0.517291    552      5702     
 20.781  1432    42550    3637.01    3637.53    0.517238    546      5709     
 20.892  1433    42605    3637.01    3637.52    0.514912    514      5709     
 20.908  1436    42650    3637.01    3637.52    0.508777    559      5712     
 20.943  1437    42700    3637.01    3637.52    0.508254    559      5716     
 20.985  1438    42750    3637.01    3637.52    0.507783    567      5727     
 21.109  1439    42800    3637.01    3637.52    0.507367    586      5740     
 21.187  1441    42850    3637.01    3637.51    0.505803    528      5751     
 21.219  1442    42900    3637.01    3637.51    0.505623    578      5756     
 21.28   1443    42950    3637.01    3637.51    0.505397    598      5769     
 21.438  1445    43007    3637.01    3637.51    0.500193    527      5779     
 21.453  1446    43053    3637.01    3637.51    0.497212    573      5779     
 21.549  1448    43123    3637.01    3637.49    0.478698    531      5808     
 21.563  1449    43161    3637.01    3637.49    0.478628    569      5808     
 21.672  1450    43200    3637.01    3637.49    0.477628    528      5808     
 21.688  1452    43250    3637.01    3637.49    0.47678     578      5810     
 21.717  1453    43313    3637.01    3637.49    0.476108    566      5810     
 21.733  1454    43350    3637.01    3637.48    0.475845    542      5810     
 21.849  1455    43400    3637.01    3637.48    0.475672    528      5811     
 21.86   1457    43450    3637.01    3637.48    0.471686    578      5811     
 21.875  1459    43509    3637.01    3637.48    0.469342    531      5812     
 21.892  1460    43550    3637.01    3637.48    0.468181    572      5813     
 21.984  1462    43609    3637.01    3637.47    0.465289    585      5815     
 22.044  1464    43669    3637.01    3637.45    0.440803    530      5823     
 22.062  1465    43713    3637.01    3637.45    0.439978    574      5827     
 22.094  1466    43750    3637.01    3637.45    0.439332    567      5832     
 22.188  1467    43800    3637.01    3637.45    0.439106    562      5836     
 22.204  1469    43861    3637.01    3637.45    0.436458    567      5839     
 22.236  1470    43900    3637.01    3637.44    0.435405    559      5839     
 22.255  1473    43951    3637.01    3637.44    0.433083    568      5839     
 22.366  1474    44000    3637.01    3637.44    0.432305    521      5839     
 22.374  1476    44051    3637.01    3637.44    0.430276    572      5842     
 22.406  1477    44100    3637.01    3637.44    0.429739    590      5844     
 22.499  1479    44175    3637.01    3637.36    0.354017    621      5851     
 22.547  1479    44200    3637.01    3637.36    0.354017    589      5858     
 22.571  1480    44250    3637.01    3637.36    0.352348    596      5860     
 22.591  1482    44313    3637.01    3637.36    0.350285    602      5860     
 22.608  1483    44361    3637.01    3637.36    0.349237    588      5862     
 22.734  1484    44405    3637.01    3637.36    0.349035    527      5863     
 22.751  1485    44455    3637.01    3637.36    0.34847     577      5866     
 22.782  1486    44500    3637.01    3637.36    0.348135    572      5869     
 22.823  1487    44550    3637.01    3637.36    0.348098    568      5877     
 22.915  1488    44600    3637.01    3637.36    0.347681    569      5879     
 22.921  1490    44667    3637.01    3637.36    0.347234    580      5879     
 22.968  1491    44721    3637.01    3637.36    0.347171    533      5879     
 23.022  1492    44775    3637.01    3637.36    0.347111    549      5886     
 23.156  1492    44800    3637.01    3637.36    0.347111    531      5889     
 23.172  1494    44869    3637.01    3637.36    0.347078    540      5890     
 23.204  1495    44917    3637.01    3637.36    0.346876    588      5897     
 23.252  1495    44950    3637.01    3637.36    0.346876    577      5909     
 23.391  1496    45000    3637.01    3637.36    0.346861    534      5912     
 23.407  1497    45050    3637.01    3637.36    0.346815    584      5914     
 23.439  1499    45119    3637.01    3637.36    0.346774    605      5916     
 23.468  1500    45163    3637.01    3637.36    0.346641    594      5919     
 23.553  1501    45201    3637.01    3637.36    0.346546    575      5920     
 23.593  1502    45263    3637.01    3637.35    0.345148    600      5928     
 23.609  1503    45300    3637.01    3637.34    0.3356      637      5928     
 23.64   1504    45357    3637.01    3637.34    0.335555    635      5936     
 23.753  1505    45400    3637.01    3637.34    0.335187    544      5936     
 23.789  1506    45450    3637.01    3637.34    0.334746    594      5940     
 23.796  1507    45500    3637.01    3637.34    0.334737    593      5941     
 23.859  1508    45550    3637.01    3637.34    0.334708    593      5954     
 23.955  1509    45600    3637.01    3637.34    0.334654    604      5957     
 24.047  1510    45661    3637.01    3637.34    0.334641    546      5968     
 24.063  1511    45715    3637.01    3637.34    0.334638    600      5972     
 24.097  1512    45767    3637.01    3637.34    0.334624    614      5977     
 24.221  1513    45813    3637.01    3637.34    0.33443     617      5983     
 24.233  1514    45857    3637.01    3637.34    0.334347    622      5985     
 24.265  1515    45909    3637.01    3637.34    0.334175    605      5989     
 24.281  1516    45950    3637.01    3637.34    0.33416     646      5990     
 24.444  1518    46015    3637.01    3637.34    0.333263    562      5997     
 24.468  1519    46069    3637.01    3637.34    0.333252    616      6003     
 24.5    1520    46117    3637.01    3637.34    0.333188    613      6008     
 24.515  1521    46151    3637.01    3637.34    0.332568    606      6009     
 24.558  1522    46200    3637.01    3637.34    0.331219    627      6017     
 24.687  1523    46250    3637.01    3637.34    0.330187    619      6035     
 24.735  1524    46300    3637.01    3637.34    0.329572    572      6037     
 24.767  1526    46350    3637.01    3637.34    0.327861    622      6037     
 24.781  1528    46400    3637.01    3637.33    0.325963    608      6038     
 24.911  1529    46450    3637.01    3637.33    0.325803    594      6045     
 24.935  1531    46503    3637.01    3637.33    0.325228    582      6048     
 24.955  1532    46555    3637.01    3637.33    0.325141    634      6053     
 24.97   1533    46600    3637.01    3637.33    0.324796    620      6053     
 25.109  1535    46667    3637.01    3637.33    0.319631    579      6063     
 25.137  1536    46700    3637.01    3637.33    0.319148    612      6063     
 25.2    1537    46750    3637.01    3637.33    0.318957    576      6069     
 25.25   1538    46800    3637.01    3637.33    0.318861    626      6079     
 25.351  1539    46850    3637.01    3637.33    0.318759    650      6083     
 25.384  1540    46900    3637.01    3637.33    0.31874     643      6088     
 25.418  1541    46950    3637.01    3637.33    0.318675    634      6093     
 25.436  1542    47000    3637.01    3637.33    0.318067    684      6095     
 25.538  1544    47050    3637.01    3637.33    0.317395    583      6108     
 25.653  1545    47101    3637.01    3637.32    0.311008    634      6108     
 25.694  1546    47150    3637.01    3637.32    0.310221    640      6117     
 25.738  1548    47200    3637.01    3637.32    0.309391    644      6124     
 25.763  1549    47269    3637.01    3637.32    0.308372    652      6127     
 25.89   1550    47300    3637.01    3637.32    0.308364    592      6128     
 25.924  1552    47357    3637.01    3637.32    0.308149    649      6131     
 25.95   1553    47403    3637.01    3637.32    0.308136    644      6134     
 25.983  1554    47450    3637.01    3637.32    0.307925    628      6142     
 26.141  1555    47505    3637.01    3637.32    0.307912    586      6149     
 26.191  1556    47563    3637.01    3637.32    0.307909    644      6158     
 26.202  1557    47607    3637.01    3637.32    0.307899    641      6160     
 26.263  1558    47667    3637.01    3637.32    0.307123    643      6167     
 26.282  1559    47705    3637.01    3637.32    0.306686    643      6169     
 26.439  1560    47750    3637.01    3637.32    0.306621    595      6173     
 26.507  1561    47800    3637.01    3637.32    0.30638     645      6180     
 26.608  1562    47850    3637.01    3637.32    0.306286    602      6197     
 26.652  1564    47911    3637.01    3637.32    0.306119    611      6202     
 26.808  1565    47961    3637.01    3637.31    0.306023    661      6215     
 26.846  1566    48000    3637.01    3637.31    0.305774    647      6221     
 26.869  1567    48050    3637.01    3637.31    0.305596    656      6222     
 26.924  1569    48113    3637.01    3637.31    0.305206    591      6222     
 27.063  1570    48150    3637.01    3637.31    0.30511     628      6223     
 27.112  1571    48203    3637.01    3637.31    0.304938    629      6232     
 27.134  1572    48250    3637.01    3637.31    0.304449    631      6233     
 27.174  1573    48300    3637.01    3637.31    0.304386    681      6241     
 27.328  1575    48363    3637.01    3637.31    0.303682    601      6251     
 27.36   1576    48413    3637.01    3637.31    0.303495    651      6254     
 27.381  1577    48453    3637.01    3637.31    0.302452    644      6256     
 27.422  1578    48515    3637.01    3637.31    0.30244     621      6264     
 27.44   1579    48563    3637.01    3637.31    0.302427    669      6264     
 27.611  1580    48611    3637.01    3637.31    0.302203    596      6273     
 27.625  1581    48655    3637.01    3637.31    0.302196    640      6273     
 27.672  1582    48717    3637.01    3637.31    0.302173    644      6284     
 27.688  1583    48759    3637.01    3637.31    0.302164    638      6285     
 27.832  1584    48813    3637.01    3637.31    0.302162    629      6288     
 27.876  1585    48867    3637.01    3637.31    0.302149    683      6294     
 27.952  1586    48931    3637.01    3637.31    0.302134    608      6306     
 27.959  1586    48950    3637.01    3637.31    0.302134    627      6306     
 27.999  1587    49000    3637.01    3637.31    0.302117    643      6310     
 28.187  1588    49061    3637.01    3637.31    0.30211     665      6327     
 28.292  1589    49127    3637.01    3637.31    0.302084    604      6342     
 28.315  1589    49150    3637.01    3637.31    0.302084    627      6345     
 28.347  1590    49200    3637.01    3637.31    0.302082    638      6348     
 28.394  1591    49250    3637.01    3637.31    0.302082    688      6355     
 28.554  1592    49300    3637.01    3637.31    0.30208     677      6358     
 28.614  1593    49350    3637.01    3637.31    0.302079    605      6360     
 28.659  1594    49400    3637.01    3637.31    0.302078    655      6366     
 28.719  1595    49461    3637.01    3637.31    0.302072    662      6380     
 28.932  1596    49517    3637.01    3637.31    0.302044    609      6384     
 28.988  1596    49550    3637.01    3637.31    0.302044    642      6395     
 29.041  1597    49601    3637.01    3637.31    0.302043    633      6403     
 29.066  1598    49650    3637.01    3637.31    0.302028    682      6406     
 29.117  1599    49711    3637.01    3637.31    0.302025    679      6412     
 29.319  1600    49759    3637.01    3637.31    0.301945    606      6419     
 29.354  1601    49800    3637.01    3637.31    0.301474    647      6422     
 29.399  1602    49850    3637.01    3637.31    0.299518    656      6430     
 29.421  1603    49900    3637.01    3637.31    0.299449    659      6430     
 29.482  1604    49950    3637.01    3637.31    0.299444    709      6438     
 29.68   1605    50019    3637.01    3637.31    0.299403    619      6447     
 29.734  1606    50050    3637.01    3637.31    0.299403    650      6460     
 29.761  1607    50100    3637.01    3637.31    0.299297    677      6461     
 29.812  1608    50155    3637.01    3637.31    0.298242    675      6467     
 29.834  1609    50200    3637.01    3637.31    0.29804     720      6468     
 29.984  1611    50269    3637.01    3637.31    0.297526    733      6469     
 30.062  1612    50315    3637.01    3637.31    0.296567    613      6472     
 30.087  1613    50355    3637.01    3637.31    0.296512    653      6473     
 30.105  1614    50400    3637.01    3637.31    0.296377    620      6473     
 30.139  1615    50450    3637.01    3637.31    0.296087    670      6481     
 30.297  1616    50500    3637.01    3637.3     0.296032    662      6484     
 30.384  1618    50557    3637.01    3637.3     0.288676    612      6491     
 30.433  1619    50603    3637.01    3637.3     0.288324    658      6499     
 30.452  1620    50650    3637.01    3637.3     0.2883      653      6500     
 30.488  1621    50700    3637.01    3637.3     0.287833    647      6504     
 30.708  1623    50771    3637.01    3637.3     0.287266    621      6511     
 30.719  1624    50800    3637.01    3637.29    0.283583    650      6513     
 30.799  1626    50850    3637.01    3637.29    0.282866    656      6525     
 30.877  1626    50900    3637.01    3637.29    0.28273     656      6543     
 31.096  1628    50967    3637.01    3637.29    0.282064    637      6546     
 31.165  1629    51007    3637.01    3637.29    0.281542    677      6556     
 31.204  1630    51053    3637.01    3637.29    0.281043    664      6562     
 31.234  1631    51100    3637.01    3637.29    0.278784    711      6565     
 31.329  1632    51150    3637.01    3637.29    0.278568    707      6577     
 31.615  1633    51217    3637.01    3637.29    0.278503    644      6596     
 31.639  1634    51259    3637.01    3637.29    0.278463    686      6597     
 31.671  1635    51300    3637.01    3637.29    0.278186    681      6600     
 31.703  1637    51365    3637.01    3637.29    0.278113    696      6605     
 31.811  1638    51417    3637.01    3637.29    0.278004    643      6618     
 31.881  1638    51450    3637.01    3637.29    0.278004    676      6632     
 32.06   1639    51500    3637.01    3637.29    0.27771     692      6633     
 32.096  1641    51569    3637.01    3637.29    0.276393    701      6636     
 32.124  1643    51613    3637.01    3637.28    0.275779    745      6639     
 32.199  1644    51659    3637.01    3637.28    0.275575    653      6639     
 32.43   1645    51733    3637.01    3637.28    0.275401    674      6655     
 32.437  1646    51750    3637.01    3637.28    0.274934    691      6656     
 32.538  1647    51813    3637.01    3637.28    0.274656    711      6678     
 32.655  1648    51869    3637.01    3637.28    0.274593    670      6694     
 32.671  1649    51913    3637.01    3637.28    0.270974    714      6694     
 32.695  1650    51951    3637.01    3637.28    0.27079     688      6695     
 32.967  1651    52023    3637.01    3637.28    0.270609    705      6715     
 32.985  1652    52051    3637.01    3637.28    0.270443    733      6716     
 33.081  1653    52101    3637.01    3637.28    0.270417    671      6723     
 33.112  1654    52150    3637.01    3637.28    0.270389    720      6726     
 33.183  1655    52200    3637.01    3637.28    0.269696    710      6743     
 33.359  1656    52250    3637.01    3637.28    0.269621    709      6748     
 33.414  1658    52313    3637.01    3637.28    0.267325    772      6755     
 33.468  1659    52350    3637.01    3637.28    0.267084    770      6764     
 33.607  1661    52413    3637.01    3637.28    0.266398    684      6782     
 33.83   1662    52471    3637.01    3637.28    0.266099    742      6799     
 33.867  1663    52517    3637.01    3637.27    0.265443    747      6803     
 33.918  1664    52550    3637.01    3637.27    0.263366    780      6817     
 34.01   1665    52600    3637.01    3637.27    0.263188    677      6830     
 34.078  1666    52650    3637.01    3637.27    0.262594    727      6847     
 34.101  1667    52700    3637.01    3637.27    0.262269    704      6847     
 34.308  1668    52750    3637.01    3637.27    0.262159    754      6857     
 34.344  1669    52800    3637.01    3637.27    0.262155    763      6861     
 34.437  1670    52850    3637.01    3637.27    0.262139    686      6871     
 34.516  1671    52907    3637.01    3637.27    0.262138    743      6887     
 34.548  1672    52950    3637.01    3637.27    0.26212     741      6888     
 34.789  1673    53000    3637.01    3637.27    0.26205     690      6888     
 34.906  1674    53071    3637.01    3637.27    0.261397    716      6911     
 34.936  1675    53123    3637.01    3637.27    0.26128     768      6914     
 34.956  1676    53159    3637.01    3637.27    0.256116    719      6914     
 34.984  1678    53200    3637.01    3637.26    0.254988    760      6916     
 35.218  1680    53257    3637.01    3637.26    0.253683    694      6916     
 35.235  1682    53317    3637.01    3637.26    0.25237     754      6917     
 35.294  1683    53351    3637.01    3637.26    0.250792    722      6926     
 35.384  1684    53400    3637.01    3637.26    0.24965     720      6947     
 35.437  1685    53450    3637.01    3637.26    0.248994    770      6956     
 35.499  1686    53500    3637.01    3637.26    0.248131    751      6967     
 35.769  1687    53550    3637.01    3637.26    0.248048    699      6975     
 35.805  1689    53600    3637.01    3637.25    0.245337    749      6977     
 35.832  1690    53650    3637.01    3637.25    0.245197    743      6979     
 35.89   1692    53700    3637.01    3637.25    0.245102    793      6988     
 35.93   1693    53753    3637.01    3637.25    0.243343    811      6989     
 35.964  1694    53800    3637.01    3637.25    0.243315    802      6992     
 36.235  1696    53855    3637.01    3637.25    0.240354    692      6997     
 36.276  1697    53903    3637.01    3637.25    0.24035     740      7001     
 36.297  1698    53957    3637.01    3637.25    0.24035     747      7002     
 36.328  1699    54009    3637.01    3637.25    0.240347    726      7004     
 36.609  1700    54071    3637.01    3637.25    0.240341    699      7013     
 36.678  1700    54100    3637.01    3637.25    0.240341    728      7024     
 36.702  1701    54150    3637.01    3637.25    0.24033     748      7027     
 36.827  1702    54211    3637.01    3637.25    0.240272    809      7047     
 36.859  1703    54251    3637.01    3637.25    0.239397    808      7050     
 36.934  1704    54300    3637.01    3637.25    0.239292    825      7065     
 37.213  1706    54369    3637.01    3637.25    0.238311    706      7068     
 37.269  1706    54400    3637.01    3637.25    0.238311    737      7078     
 37.322  1707    54450    3637.01    3637.25    0.238135    722      7084     
 37.349  1709    54505    3637.01    3637.24    0.235581    777      7085     
 37.374  1711    54567    3637.01    3637.24    0.23499     760      7085     
 37.609  1712    54603    3637.01    3637.24    0.234174    697      7085     
 37.688  1714    54663    3637.01    3637.24    0.229554    757      7097     
 37.712  1715    54701    3637.01    3637.24    0.228968    749      7097     
 37.786  1716    54750    3637.01    3637.24    0.228065    760      7109     
 37.844  1718    54807    3637.01    3637.24    0.227022    817      7118     
 37.926  1719    54850    3637.01    3637.24    0.22686     698      7119     
 38.159  1720    54900    3637.01    3637.24    0.226612    748      7129     
 38.203  1722    54967    3637.01    3637.24    0.226429    766      7133     
 38.223  1723    55000    3637.01    3637.24    0.226378    734      7133     
 38.25   1725    55053    3637.01    3637.23    0.225739    787      7135     
 38.339  1726    55101    3637.01    3637.23    0.224639    771      7150     
 38.612  1728    55165    3637.01    3637.23    0.224047    713      7155     
 38.674  1728    55200    3637.01    3637.23    0.224047    748      7171     
 38.727  1729    55255    3637.01    3637.23    0.224004    721      7180     
 38.78   1730    55313    3637.01    3637.23    0.223405    779      7189     
 38.842  1731    55351    3637.01    3637.23    0.223239    763      7201     
 38.91   1733    55409    3637.01    3637.23    0.222774    707      7203     
 39.109  1734    55451    3637.01    3637.23    0.222586    749      7203     
 39.173  1735    55500    3637.01    3637.23    0.221649    732      7216     
 39.283  1736    55550    3637.01    3637.23    0.220728    707      7227     
 39.327  1738    55600    3637.01    3637.23    0.220693    757      7233     
 39.359  1739    55669    3637.01    3637.23    0.219513    764      7234     
 39.391  1740    55711    3637.01    3637.23    0.219328    744      7236     
 39.739  1740    55750    3637.01    3637.23    0.219328    714      7261     
 39.776  1741    55800    3637.01    3637.23    0.21928     764      7264     
 39.796  1742    55850    3637.01    3637.23    0.21926     730      7265     
 39.812  1743    55900    3637.01    3637.23    0.219243    780      7265     
 39.879  1744    55950    3637.01    3637.23    0.219229    762      7272     
 40.142  1745    56000    3637.01    3637.23    0.21917     710      7277     
 40.183  1746    56050    3637.01    3637.23    0.219152    760      7280     
 40.202  1747    56100    3637.01    3637.23    0.219147    739      7281     
 40.295  1748    56163    3637.01    3637.23    0.21911     722      7301     
 40.366  1749    56225    3637.01    3637.23    0.219075    784      7315     
 40.409  1749    56250    3637.01    3637.23    0.219075    736      7320     
 40.69   1751    56321    3637.01    3637.23    0.217302    714      7321     
 40.721  1752    56355    3637.01    3637.23    0.217274    748      7322     
 40.749  1753    56403    3637.01    3637.23    0.217164    728      7323     
 40.784  1754    56450    3637.01    3637.23    0.217036    775      7328     
 40.865  1755    56500    3637.01    3637.23    0.216989    716      7330     
 40.906  1756    56550    3637.01    3637.23    0.216977    766      7334     
 41.187  1757    56600    3637.01    3637.23    0.216936    758      7344     
 41.251  1759    56655    3637.01    3637.22    0.214581    813      7352     
 41.329  1760    56700    3637.01    3637.22    0.213376    807      7363     
 41.438  1762    56759    3637.01    3637.22    0.212129    725      7370     
 41.454  1763    56800    3637.01    3637.22    0.212082    766      7370     
 41.704  1764    56850    3637.01    3637.22    0.211969    738      7375     
 41.749  1766    56903    3637.01    3637.22    0.211199    791      7377     
 41.814  1767    56950    3637.01    3637.22    0.206397    729      7380     
 41.843  1769    57000    3637.01    3637.21    0.205997    779      7380     
 41.88   1770    57050    3637.01    3637.21    0.20583     768      7382     
 41.917  1773    57100    3637.01    3637.21    0.20451     818      7384     
 42.244  1774    57163    3637.01    3637.21    0.204366    740      7392     
 42.291  1775    57219    3637.01    3637.21    0.204348    796      7400     
 42.323  1776    57257    3637.01    3637.21    0.204348    784      7403     
 42.381  1777    57309    3637.01    3637.21    0.204343    836      7410     
 42.439  1778    57365    3637.01    3637.21    0.20433     828      7419     
 42.734  1779    57415    3637.01    3637.21    0.204321    745      7426     
 42.765  1780    57477    3637.01    3637.21    0.203902    807      7428     
 42.797  1780    57500    3637.01    3637.21    0.203902    757      7433     
 42.89   1781    57551    3637.01    3637.21    0.203303    808      7446     
 42.923  1783    57609    3637.01    3637.21    0.202976    835      7446     
 42.969  1784    57657    3637.01    3637.21    0.202737    835      7451     
 43.234  1785    57707    3637.01    3637.21    0.202513    744      7451     
 43.265  1786    57750    3637.01    3637.21    0.202404    787      7453     
 43.313  1788    57800    3637.01    3637.21    0.202343    793      7458     
 43.375  1789    57853    3637.01    3637.21    0.202241    846      7464     
 43.422  1790    57903    3637.01    3637.21    0.202181    836      7467     
 43.484  1791    57950    3637.01    3637.21    0.202019    798      7478     
 43.859  1792    58000    3637.01    3637.21    0.201274    749      7494     
 43.921  1793    58050    3637.01    3637.21    0.200991    799      7504     
 43.952  1794    58100    3637.01    3637.21    0.200972    782      7504     
 43.985  1795    58150    3637.01    3637.21    0.200846    832      7506     
 44.061  1796    58200    3637.01    3637.21    0.200817    752      7510     
 44.14   1797    58250    3637.01    3637.21    0.200816    802      7520     
 44.457  1798    58300    3637.01    3637.21    0.200807    741      7524     
 44.485  1799    58350    3637.01    3637.21    0.200744    791      7526     
 44.556  1800    58400    3637.01    3637.21    0.200721    755      7541     
 44.624  1801    58457    3637.01    3637.21    0.200285    812      7554     
 44.701  1802    58500    3637.01    3637.21    0.198202    806      7566     
 44.813  1803    58563    3637.01    3637.21    0.19782     869      7590     
 45.125  1805    58611    3637.01    3637.21    0.197781    756      7590     
 45.157  1806    58650    3637.01    3637.21    0.197572    795      7591     
 45.266  1807    58719    3637.01    3637.21    0.196976    784      7613     
 45.297  1808    58750    3637.01    3637.21    0.196241    815      7614     
 45.328  1810    58803    3637.01    3637.2     0.188409    815      7614     
 45.385  1811    58859    3637.01    3637.2     0.188368    871      7621     
 45.703  1812    58901    3637.01    3637.2     0.188362    749      7622     
 45.734  1813    58950    3637.01    3637.2     0.188351    798      7622     
 45.75   1815    59009    3637.01    3637.2     0.187325    784      7622     
 45.922  1816    59081    3637.01    3637.19    0.184858    752      7645     
 45.969  1816    59100    3637.01    3637.19    0.184858    771      7649     
 46.003  1818    59163    3637.01    3637.19    0.183982    758      7651     
 46.03   1819    59200    3637.01    3637.19    0.183729    795      7653     
 46.36   1821    59257    3637.01    3637.19    0.182829    761      7654     
 46.437  1822    59311    3637.01    3637.19    0.182787    815      7662     
 46.468  1823    59359    3637.01    3637.19    0.180745    818      7669     
 46.5    1824    59413    3637.01    3637.19    0.180732    872      7671     
 46.593  1825    59463    3637.01    3637.19    0.180628    762      7673     
 46.611  1826    59501    3637.01    3637.19    0.180186    800      7673     
 46.937  1827    59571    3637.01    3637.19    0.180113    787      7683     
 47.052  1828    59619    3637.01    3637.19    0.180077    764      7692     
 47.141  1828    59650    3637.01    3637.19    0.180077    795      7710     
 47.19   1829    59700    3637.01    3637.19    0.180023    800      7714     
 47.218  1830    59750    3637.01    3637.19    0.17999     850      7715     
 47.286  1831    59800    3637.01    3637.19    0.179984    818      7724     
 47.672  1832    59853    3637.01    3637.19    0.17998     769      7733     
 47.703  1833    59900    3637.01    3637.19    0.179977    816      7734     
 47.731  1834    59950    3637.01    3637.19    0.179975    792      7734     
 47.765  1835    60000    3637.01    3637.19    0.17997     842      7740     
 47.841  1836    60055    3637.01    3637.19    0.179966    829      7746     
 47.89   1837    60105    3637.01    3637.19    0.179955    819      7752     
 48.234  1838    60153    3637.01    3637.19    0.17987     777      7756     
 48.275  1839    60200    3637.01    3637.19    0.179786    824      7761     
 48.396  1841    60269    3637.01    3637.19    0.179054    822      7780     
 48.453  1841    60300    3637.01    3637.19    0.179054    853      7788     
 48.486  1842    60350    3637.01    3637.19    0.179041    848      7789     
 48.532  1843    60400    3637.01    3637.19    0.179028    898      7795     
 48.988  1844    60469    3637.01    3637.19    0.179019    769      7818     
 49.033  1845    60517    3637.01    3637.19    0.178957    817      7824     
 49.108  1846    60565    3637.01    3637.19    0.178849    785      7833     
 49.156  1847    60607    3637.01    3637.19    0.178824    827      7838     
 49.26   1849    60661    3637.01    3637.19    0.177139    763      7840     
 49.312  1850    60700    3637.01    3637.19    0.176951    802      7849     
 49.406  1852    60759    3637.01    3637.19    0.176509    812      7860     
 49.807  1853    60805    3637.01    3637.18    0.175967    771      7876     
 49.937  1854    60877    3637.01    3637.18    0.175892    843      7894     
 49.96   1855    60903    3637.01    3637.18    0.175843    832      7895     
 50.052  1856    60950    3637.01    3637.18    0.175735    879      7907     
 50.153  1858    61013    3637.01    3637.18    0.175567    898      7919     
 50.277  1859    61085    3637.01    3637.18    0.17545     868      7944     
 50.397  1859    61100    3637.01    3637.18    0.17545     778      7951     
 50.797  1861    61171    3637.01    3637.18    0.174289    849      7961     
 50.886  1862    61223    3637.01    3637.18    0.174236    857      7970     
 50.959  1863    61259    3637.01    3637.18    0.173998    893      7979     
 51.148  1864    61331    3637.01    3637.18    0.173978    774      8000     
 51.199  1864    61350    3637.01    3637.18    0.173978    793      8005     
 51.273  1865    61400    3637.01    3637.18    0.173768    843      8014     
 51.742  1866    61455    3637.01    3637.18    0.173761    783      8025     
 51.856  1867    61517    3637.01    3637.18    0.173758    845      8039     
 51.937  1868    61577    3637.01    3637.18    0.173755    862      8047     
 51.984  1868    61600    3637.01    3637.18    0.173755    885      8052     
 52.036  1869    61650    3637.01    3637.18    0.173755    887      8055     
 52.092  1870    61700    3637.01    3637.18    0.173753    937      8059     
 52.275  1871    61751    3637.01    3637.18    0.173743    784      8073     
 52.701  1872    61809    3637.01    3637.18    0.173706    842      8081     
 52.756  1874    61853    3637.01    3637.18    0.172306    823      8085     
 52.845  1875    61900    3637.01    3637.18    0.172009    870      8096     
 52.945  1876    61959    3637.01    3637.18    0.171562    797      8101     
 53.003  1878    62003    3637.01    3637.18    0.171168    841      8107     
 53.036  1879    62050    3637.01    3637.18    0.171135    812      8107     
 53.063  1880    62100    3637.01    3637.18    0.171128    862      8107     
 53.508  1881    62150    3637.01    3637.18    0.171113    786      8111     
 53.541  1882    62200    3637.01    3637.18    0.171027    836      8113     
 53.699  1883    62273    3637.01    3637.18    0.171004    814      8136     
 53.731  1884    62315    3637.01    3637.18    0.170888    856      8137     
 53.765  1885    62367    3637.01    3637.18    0.170853    827      8138     
 53.794  1886    62417    3637.01    3637.18    0.170842    877      8139     
 53.825  1887    62461    3637.01    3637.18    0.170815    827      8139     
 54.265  1888    62501    3637.01    3637.18    0.170792    789      8145     
 54.33   1889    62550    3637.01    3637.18    0.170776    838      8152     
 54.429  1891    62621    3637.01    3637.18    0.170013    848      8162     
 54.455  1892    62661    3637.01    3637.18    0.169977    814      8162     
 54.497  1893    62711    3637.01    3637.18    0.169938    864      8164     
 54.55   1894    62751    3637.01    3637.18    0.169898    837      8170     
 54.593  1895    62800    3637.01    3637.18    0.169878    886      8174     
 55.039  1896    62859    3637.01    3637.18    0.169876    782      8179     
 55.074  1897    62909    3637.01    3637.18    0.169874    832      8180     
 55.113  1898    62965    3637.01    3637.18    0.169865    787      8181     
 55.247  1899    63023    3637.01    3637.18    0.169849    791      8190     
 55.273  1900    63050    3637.01    3637.18    0.169583    818      8191     
 55.31   1902    63117    3637.01    3637.18    0.168498    806      8191     
 55.672  1903    63150    3637.01    3637.18    0.168338    839      8192     
 55.716  1905    63201    3637.01    3637.18    0.167364    835      8193     
 55.863  1906    63250    3637.01    3637.18    0.167312    798      8204     
 55.951  1907    63305    3637.01    3637.18    0.167284    853      8216     
 55.98   1908    63350    3637.01    3637.18    0.166851    848      8216     
 56.087  1910    63419    3637.01    3637.18    0.166591    917      8230     
 56.214  1911    63471    3637.01    3637.18    0.166569    917      8246     
 56.635  1912    63500    3637.01    3637.18    0.166361    788      8248     
 56.714  1914    63567    3637.01    3637.17    0.165945    855      8256     
 56.741  1915    63600    3637.01    3637.17    0.165821    824      8256     
 56.775  1916    63650    3637.01    3637.17    0.165819    874      8257     
 56.822  1917    63700    3637.01    3637.17    0.165817    860      8260     
 56.906  1918    63750    3637.01    3637.17    0.165801    839      8271     
 56.982  1920    63817    3637.01    3637.17    0.165348    906      8277     
 57.376  1921    63850    3637.01    3637.17    0.165036    779      8278     
 57.431  1922    63900    3637.01    3637.17    0.165029    829      8283     
 57.531  1923    63950    3637.01    3637.17    0.165017    781      8287     
 57.569  1925    64011    3637.01    3637.17    0.164689    842      8287     
 57.609  1926    64059    3637.01    3637.17    0.164658    813      8291     
 57.642  1927    64100    3637.01    3637.17    0.164105    854      8292     
 57.722  1929    64155    3637.01    3637.17    0.163492    846      8302     
 58.226  1931    64213    3637.01    3637.17    0.16242     781      8316     
 58.266  1932    64250    3637.01    3637.17    0.162397    818      8319     
 58.352  1933    64300    3637.01    3637.17    0.162333    829      8331     
 58.448  1935    64373    3637.01    3637.17    0.16207     902      8341     
 58.5    1935    64400    3637.01    3637.17    0.16207     883      8348     
 58.616  1936    64463    3637.01    3637.17    0.162068    906      8365     
 59.155  1937    64533    3637.01    3637.17    0.162066    791      8379     
 59.171  1937    64550    3637.01    3637.17    0.162066    808      8379     
 59.251  1938    64600    3637.01    3637.17    0.162063    858      8388     
 59.296  1939    64650    3637.01    3637.17    0.16206     833      8390     
 59.342  1940    64700    3637.01    3637.17    0.162058    807      8392     
 59.501  1941    64759    3637.01    3637.17    0.162057    795      8405     
 59.538  1942    64805    3637.01    3637.17    0.162056    841      8406     
 59.588  1943    64863    3637.01    3637.17    0.162054    832      8407     
 60.079  1944    64933    3637.01    3637.17    0.16205     796      8422     
 60.107  1944    64950    3637.01    3637.17    0.16205     813      8422     
 60.147  1945    65000    3637.01    3637.17    0.162048    863      8425     
 60.218  1946    65050    3637.01    3637.17    0.162022    861      8432     
 60.344  1947    65119    3637.01    3637.17    0.162014    930      8450     
 60.376  1948    65161    3637.01    3637.17    0.161887    940      8450     
 60.427  1949    65200    3637.01    3637.17    0.161842    979      8453     
 60.963  1950    65255    3637.01    3637.17    0.161816    798      8466     
 60.99   1951    65300    3637.01    3637.17    0.161344    843      8466     
 61.093  1953    65373    3637.01    3637.17    0.161139    865      8478     
 61.188  1954    65415    3637.01    3637.17    0.160987    907      8490     
 61.314  1955    65453    3637.01    3637.17    0.160735    806      8499     
 61.39   1956    65500    3637.01    3637.17    0.160615    853      8508     
 61.425  1957    65550    3637.01    3637.16    0.155591    838      8508     
 61.835  1959    65617    3637.01    3637.16    0.155578    905      8508     
 61.865  1960    65661    3637.01    3637.16    0.155435    873      8508     
 61.94   1961    65701    3637.01    3637.16    0.155431    819      8509     
 61.995  1962    65755    3637.01    3637.16    0.155407    873      8517     
 62.05   1963    65800    3637.01    3637.16    0.155008    836      8524     
 62.108  1965    65865    3637.01    3637.16    0.154658    901      8528     
 62.199  1966    65900    3637.01    3637.16    0.152603    870      8540     
 62.218  1967    65950    3637.01    3637.16    0.152037    920      8541     
 62.748  1969    66015    3637.01    3637.16    0.151733    825      8550     
 62.818  1970    66057    3637.01    3637.16    0.151509    867      8557     
 62.898  1972    66109    3637.01    3637.16    0.15104     863      8566     
 62.933  1973    66150    3637.01    3637.16    0.151012    904      8566     
 63.046  1975    66203    3637.01    3637.16    0.150853    838      8568     
 63.079  1976    66250    3637.01    3637.16    0.150835    885      8569     
 63.156  1978    66313    3637.01    3637.16    0.150505    866      8577     
 63.613  1979    66355    3637.01    3637.16    0.150444    836      8577     
 63.65   1980    66400    3637.01    3637.16    0.150266    881      8577     
 63.702  1981    66455    3637.01    3637.16    0.14978     859      8580     
 63.754  1982    66500    3637.01    3637.16    0.149716    904      8583     
 63.89   1983    66550    3637.01    3637.16    0.149496    872      8606     
 63.921  1984    66600    3637.01    3637.16    0.149287    922      8606     
 63.987  1985    66650    3637.01    3637.16    0.149023    882      8610     
 64.48   1987    66719    3637.01    3637.16    0.148295    837      8610     
 64.512  1988    66750    3637.01    3637.16    0.147935    868      8611     
 64.546  1989    66800    3637.01    3637.16    0.147909    918      8613     
 64.594  1990    66850    3637.01    3637.16    0.147908    918      8614     
 64.703  1991    66919    3637.01    3637.16    0.147906    900      8626     
 64.763  1992    66973    3637.01    3637.16    0.147904    954      8631     
 64.875  1992    67000    3637.01    3637.16    0.147904    839      8637     
 64.964  1993    67050    3637.01    3637.16    0.147904    889      8644     
 65.524  1994    67105    3637.01    3637.16    0.147903    840      8653     
 65.563  1995    67155    3637.01    3637.16    0.147902    890      8657     
 65.605  1997    67209    3637.01    3637.16    0.146315    862      8657     
 65.672  1998    67261    3637.01    3637.15    0.145929    914      8663     
 65.708  1999    67300    3637.01    3637.15    0.145577    902      8663     
 65.749  2000    67350    3637.01    3637.15    0.145325    952      8665     
 65.79   2002    67409    3637.01    3637.15    0.14509     948      8665     
 65.827  2003    67450    3637.01    3637.15    0.144943    989      8666     
 66.362  2004    67500    3637.01    3637.15    0.144937    842      8668     
 66.545  2005    67573    3637.01    3637.15    0.144924    915      8687     
 66.606  2006    67625    3637.01    3637.15    0.144907    912      8689     
 66.662  2007    67669    3637.01    3637.15    0.144892    956      8692     
 66.734  2008    67709    3637.01    3637.15    0.144748    945      8697     
 66.831  2009    67750    3637.01    3637.15    0.144678    854      8697     
 66.864  2010    67800    3637.01    3637.15    0.144657    904      8697     
 66.958  2011    67850    3637.01    3637.15    0.144638    882      8706     
 67.422  2013    67900    3637.01    3637.15    0.14454     932      8707     
 67.578  2014    67950    3637.01    3637.15    0.144482    860      8713     
 67.723  2015    68000    3637.01    3637.15    0.144349    910      8731     
 67.834  2016    68050    3637.01    3637.15    0.144258    891      8745     
 67.891  2018    68100    3637.01    3637.15    0.142061    941      8749     
 67.958  2019    68150    3637.01    3637.15    0.142041    936      8753     
 68.045  2020    68200    3637.01    3637.15    0.142019    986      8761     
 68.627  2021    68250    3637.01    3637.12    0.111391    866      8772     
 68.748  2022    68303    3637.01    3637.12    0.110504    919      8786     
 68.787  2023    68357    3637.01    3637.12    0.110392    904      8789     
 68.819  2024    68407    3637.01    3637.12    0.110365    954      8792     
 68.943  2025    68473    3637.01    3637.12    0.110344    882      8801     
 68.969  2026    68517    3637.01    3637.12    0.110261    926      8802     
 69.004  2027    68565    3637.01    3637.12    0.110185    883      8802     
 69.03   2028    68603    3637.01    3637.12    0.109845    921      8802     
 69.443  2029    68651    3637.01    3637.12    0.109475    969      8802     
 69.556  2030    68707    3637.01    3637.12    0.109334    880      8807     
 69.593  2031    68761    3637.01    3637.12    0.109285    934      8811     
 69.678  2032    68823    3637.01    3637.12    0.109062    896      8818     
 69.702  2033    68853    3637.01    3637.12    0.10803     926      8818     
 69.734  2034    68917    3637.01    3637.12    0.107877    901      8819     
 69.796  2034    68950    3637.01    3637.12    0.107877    934      8826     
 70.319  2035    69000    3637.01    3637.12    0.107776    886      8831     
 70.359  2036    69050    3637.01    3637.12    0.107516    936      8833     
 70.403  2037    69100    3637.01    3637.12    0.107446    912      8834     
 70.495  2038    69155    3637.01    3637.12    0.107393    967      8844     
 70.554  2039    69207    3637.01    3637.12    0.107358    931      8849     
 70.581  2040    69250    3637.01    3637.12    0.107318    974      8849     
 70.614  2041    69300    3637.01    3637.12    0.107275    1024     8850     
 70.731  2042    69365    3637.01    3637.12    0.107243    993      8862     
 71.205  2043    69400    3637.01    3637.12    0.107165    901      8862     
 71.322  2044    69479    3637.01    3637.12    0.107094    980      8877     
 71.349  2044    69500    3637.01    3637.12    0.107094    941      8878     
 71.427  2045    69550    3637.01    3637.12    0.106967    991      8887     
 71.582  2046    69600    3637.01    3637.12    0.106944    894      8894     
 71.624  2047    69653    3637.01    3637.12    0.106928    947      8897     
 71.685  2048    69711    3637.01    3637.12    0.106916    921      8901     
 72.124  2049    69759    3637.01    3637.12    0.106904    969      8905     
 72.192  2050    69809    3637.01    3637.12    0.106867    930      8909     
 72.22   2051    69853    3637.01    3637.12    0.106783    974      8910     
 72.25   2052    69900    3637.01    3637.12    0.106423    1021     8910     
 72.422  2053    69950    3637.01    3637.11    0.104592    899      8920     
 72.476  2054    70000    3637.01    3637.11    0.104581    949      8923     
 72.531  2055    70067    3637.01    3637.11    0.104573    936      8929     
 72.61   2055    70100    3637.01    3637.11    0.104573    969      8937     
 73.084  2056    70150    3637.01    3637.11    0.104568    1019     8944     
 73.27   2057    70219    3637.01    3637.11    0.104564    928      8954     
 73.345  2057    70250    3637.01    3637.11    0.104564    959      8964     
 73.377  2058    70300    3637.01    3637.11    0.10456     1009     8965     
 73.424  2059    70350    3637.01    3637.11    0.104556    985      8967     
 73.513  2060    70403    3637.01    3637.11    0.104552    1038     8978     
 73.656  2061    70491    3637.01    3637.11    0.104548    1066     8997     
 73.677  2061    70500    3637.01    3637.11    0.104548    1075     8997     
 74.203  2062    70550    3637.01    3637.11    0.104546    925      8998     
 74.322  2063    70627    3637.01    3637.11    0.104544    1002     9010     
 74.366  2063    70650    3637.01    3637.11    0.104544    935      9013     
 74.515  2064    70711    3637.01    3637.11    0.104542    996      9031     
 74.629  2065    70750    3637.01    3637.11    0.104542    977      9042     
 74.66   2065    70800    3637.01    3637.11    0.104541    1027     9042     
 74.872  2066    70877    3637.01    3637.11    0.10454     925      9057     
 74.896  2066    70900    3637.01    3637.11    0.10454     948      9057     
 75.406  2067    70963    3637.01    3637.11    0.1044      1011     9072     
 75.466  2068    71015    3637.01    3637.11    0.104208    970      9076     
 75.596  2069    71081    3637.01    3637.11    0.104009    959      9092     
 75.616  2069    71100    3637.01    3637.11    0.104009    978      9092     
 75.937  2070    71191    3637.01    3637.11    0.103924    930      9123     
 75.953  2070    71200    3637.01    3637.11    0.103924    939      9123     
 76.02   2071    71251    3637.01    3637.11    0.103906    990      9127     
 76.136  2072    71325    3637.01    3637.11    0.103765    1001     9144     
 76.665  2073    71369    3637.01    3637.11    0.103607    936      9147     
 76.686  2074    71409    3637.01    3637.11    0.102941    976      9147     
 76.77   2075    71459    3637.01    3637.11    0.102487    1026     9159     
 76.821  2076    71511    3637.01    3637.11    0.102477    1018     9161     
 76.947  2077    71550    3637.01    3637.11    0.102477    1057     9178     
 76.985  2077    71600    3637.01    3637.11    0.102456    1028     9178     
 77.024  2078    71650    3637.01    3637.11    0.102329    1078     9180     
 77.065  2079    71700    3637.01    3637.11    0.102266    1052     9181     
 77.705  2081    71771    3637.01    3637.1     0.0928119   937      9187     
 77.769  2082    71800    3637.01    3637.1     0.0928119   966      9193     
 77.796  2082    71850    3637.01    3637.1     0.0926589   1016     9193     
 77.906  2083    71905    3637.01    3637.1     0.0925578   1009     9208     
 77.991  2084    71975    3637.01    3637.1     0.0924851   1036     9212     
 78.019  2085    72017    3637.01    3637.1     0.0923354   1078     9212     
 78.096  2086    72075    3637.01    3637.1     0.092279    1136     9218     
 78.714  2087    72123    3637.01    3637.1     0.0921126   954      9224     
 78.758  2087    72150    3637.01    3637.1     0.0921126   981      9228     
 78.798  2088    72200    3637.01    3637.1     0.0920739   1031     9233     
 78.926  2089    72250    3637.01    3637.1     0.092033    1002     9245     
 78.973  2090    72300    3637.01    3637.1     0.0920054   1052     9246     
 79.001  2091    72350    3637.01    3637.1     0.0919977   1016     9246     
 79.093  2092    72400    3637.01    3637.1     0.0919477   1066     9257     
 79.127  2093    72450    3637.01    3637.1     0.0918715   1037     9258     
 79.875  2094    72531    3637.01    3637.1     0.0918511   957      9281     
 79.893  2094    72550    3637.01    3637.1     0.0918511   976      9281     
 79.99   2095    72600    3637.01    3637.1     0.0918275   1026     9294     
 80.186  2096    72665    3637.01    3637.1     0.0917617   958      9305     
 80.259  2097    72721    3637.01    3637.1     0.0917461   1014     9309     
 80.3    2098    72763    3637.01    3637.1     0.0917319   984      9310     
 80.377  2099    72821    3637.01    3637.1     0.0917271   1042     9318     
 80.405  2099    72850    3637.01    3637.1     0.0917271   1071     9318     
 80.452  2100    72900    3637.01    3637.1     0.0917264   1025     9321     
 81.099  2101    72957    3637.01    3637.1     0.0917257   958      9333     
 81.156  2102    73009    3637.01    3637.1     0.0917247   1010     9337     
 81.224  2103    73063    3637.01    3637.1     0.0917238   958      9341     
 81.277  2104    73125    3637.01    3637.1     0.0917007   1020     9343     
 81.313  2105    73171    3637.01    3637.1     0.0916997   982      9343     
 81.359  2106    73200    3637.01    3637.1     0.0916997   1011     9347     
 81.39   2106    73250    3637.01    3637.1     0.0916988   1061     9347     
 81.438  2108    73313    3637.01    3637.1     0.0916      1040     9349     
 82.065  2109    73363    3637.01    3637.1     0.0914473   955      9351     
 82.097  2110    73400    3637.01    3637.1     0.0910428   992      9351     
 82.144  2111    73451    3637.01    3637.1     0.0909963   1043     9352     
 82.187  2112    73500    3637.01    3637.1     0.0909731   1033     9352     
 82.318  2113    73571    3637.01    3637.1     0.090938    1000     9366     
 82.363  2114    73615    3637.01    3637.1     0.0906426   1044     9368     
 82.39   2115    73650    3637.01    3637.1     0.0899181   1079     9368     
 82.437  2116    73703    3637.01    3637.1     0.0897293   1029     9371     
 82.505  2117    73761    3637.01    3637.1     0.0896862   1087     9375     
 83.109  2118    73807    3637.01    3637.1     0.0896852   958      9378     
 83.186  2119    73873    3637.01    3637.1     0.0896843   1024     9381     
 83.252  2120    73900    3637.01    3637.1     0.0896843   1051     9386     
 83.292  2120    73950    3637.01    3637.1     0.0896699   1017     9386     
 83.515  2121    74007    3637.01    3637.1     0.0896342   959      9402     
 83.558  2122    74057    3637.01    3637.1     0.0896213   1009     9403     
 83.599  2123    74100    3637.01    3637.1     0.0895876   1052     9404     
 83.644  2124    74150    3637.01    3637.1     0.0892657   1031     9406     
 84.237  2125    74209    3637.01    3637.1     0.0892631   1037     9420     
 84.432  2126    74275    3637.01    3637.1     0.0892626   970      9428     
 84.484  2126    74300    3637.01    3637.1     0.0892626   995      9434     
 84.554  2127    74350    3637.01    3637.1     0.089218    1045     9441     
 84.59   2128    74400    3637.01    3637.1     0.0891918   995      9441     
 84.667  2129    74450    3637.01    3637.1     0.08917     1045     9446     
 84.753  2130    74511    3637.01    3637.1     0.08917     1010     9454     
 84.78   2131    74555    3637.01    3637.1     0.0891698   1054     9455     
 85.437  2132    74611    3637.01    3637.1     0.0891672   962      9462     
 85.469  2133    74650    3637.01    3637.1     0.0891301   1001     9464     
 85.5    2134    74700    3637.01    3637.1     0.0891301   1051     9465     
 85.615  2135    74750    3637.01    3637.1     0.0891295   1006     9474     
 85.765  2136    74823    3637.01    3637.1     0.089127    1023     9491     
 85.789  2136    74850    3637.01    3637.1     0.089127    1050     9491     
 85.875  2137    74900    3637.01    3637.1     0.0891269   1100     9499     
 85.941  2138    74951    3637.01    3637.1     0.0891262   1066     9503     
 86.634  2139    75027    3637.01    3637.1     0.0891246   965      9515     
 86.656  2139    75050    3637.01    3637.1     0.0891246   988      9515     
 86.71   2140    75100    3637.01    3637.1     0.0891209   1038     9518     
 86.85   2141    75157    3637.01    3637.1     0.0891101   986      9536     
 86.89   2142    75203    3637.01    3637.1     0.0890765   1032     9538     
 86.963  2143    75250    3637.01    3637.1     0.0890142   1079     9543     
 87.036  2144    75301    3637.01    3637.1     0.0890099   1048     9547     
 87.076  2145    75350    3637.01    3637.1     0.0889586   1097     9548     
 87.697  2146    75400    3637.01    3637.1     0.0889558   984      9549     
 87.781  2147    75465    3637.01    3637.1     0.088955    1049     9559     
 87.88   2148    75531    3637.01    3637.1     0.0889548   1027     9568     
 87.902  2148    75550    3637.01    3637.1     0.0889548   1046     9568     
 87.934  2149    75600    3637.01    3637.1     0.0889544   1096     9568     
 88.079  2150    75663    3637.01    3637.1     0.0889521   1054     9586     
 88.264  2151    75725    3637.01    3637.1     0.088952    974      9593     
 88.28   2151    75750    3637.01    3637.1     0.088952    999      9593     
 88.327  2152    75800    3637.01    3637.1     0.0889517   1049     9594     
 88.859  2153    75850    3637.01    3637.1     0.0889516   997      9595     
 88.978  2154    75915    3637.01    3637.1     0.0889511   1062     9611     
 89.026  2155    75967    3637.01    3637.1     0.0889509   1015     9612     
 89.091  2155    76000    3637.01    3637.1     0.0889509   1048     9620     
 89.238  2156    76050    3637.01    3637.1     0.0889508   976      9624     
 89.296  2157    76103    3637.01    3637.1     0.0889501   1029     9628     
 89.367  2158    76159    3637.01    3637.1     0.0889491   993      9632     
 89.521  2158    76200    3637.01    3637.1     0.0889491   1034     9651     
 90.225  2159    76263    3637.01    3637.1     0.0889348   995      9661     
 90.313  2160    76315    3637.01    3637.1     0.088903    1047     9670     
 90.352  2161    76351    3637.01    3637.1     0.0886405   1083     9671     
 90.407  2163    76419    3637.01    3637.1     0.0885549   1073     9672     
 90.516  2164    76465    3637.01    3637.1     0.088407    1071     9682     
 90.626  2165    76531    3637.01    3637.1     0.0883699   1137     9691     
 90.667  2165    76550    3637.01    3637.1     0.0883699   1156     9693     
 90.726  2167    76600    3637.01    3637.1     0.0883421   1124     9695     
 90.762  2168    76650    3637.01    3637.1     0.0883227   1174     9695     
 91.473  2169    76707    3637.01    3637.1     0.0883032   999      9700     
 91.516  2170    76750    3637.01    3637.1     0.0880847   1042     9701     
 91.593  2171    76800    3637.01    3637.1     0.0880354   1092     9711     
 91.687  2172    76850    3637.01    3637.1     0.087976    1075     9721     
 91.812  2173    76900    3637.01    3637.1     0.0879429   1125     9732     
 91.953  2174    76971    3637.01    3637.1     0.0879155   1147     9747     
 92.108  2175    77019    3637.01    3637.1     0.087891    1006     9748     
 92.155  2176    77067    3637.01    3637.1     0.0878901   1054     9749     
 92.25   2177    77127    3637.01    3637.1     0.087872    1052     9756     
 92.867  2177    77150    3637.01    3637.1     0.087872    1075     9766     
 92.94   2179    77209    3637.01    3637.1     0.0876423   1134     9770     
 92.983  2180    77255    3637.01    3637.1     0.0876317   1085     9772     
 93.287  2180    77300    3637.01    3637.1     0.0876317   1010     9798     
 93.336  2181    77351    3637.01    3637.1     0.0875799   1061     9800     
 93.376  2182    77400    3637.01    3637.1     0.0874896   1110     9803     
 93.466  2184    77471    3637.01    3637.1     0.0872827   1117     9808     
 93.484  2185    77500    3637.01    3637.1     0.0872182   1146     9809     
 93.565  2186    77550    3637.01    3637.1     0.0872016   1127     9813     
 94.228  2187    77600    3637.01    3637.1     0.0872013   1007     9813     
 94.268  2188    77650    3637.01    3637.1     0.0872      1057     9814     
 94.41   2189    77717    3637.01    3637.1     0.0871989   1028     9833     
 94.462  2190    77767    3637.01    3637.1     0.0871977   1078     9837     
 94.531  2191    77821    3637.01    3637.1     0.0871973   1040     9841     
 94.569  2192    77869    3637.01    3637.1     0.0871925   1088     9841     
 94.683  2192    77900    3637.01    3637.1     0.0871925   1119     9856     
 94.769  2193    77950    3637.01    3637.1     0.0871562   1082     9865     
 95.487  2194    78000    3637.01    3637.1     0.0869985   1015     9872     
 95.548  2195    78050    3637.01    3637.1     0.0869975   1065     9875     
 95.688  2196    78105    3637.01    3637.1     0.0869962   1058     9887     
 95.848  2196    78150    3637.01    3637.1     0.0869962   1103     9910     
 95.941  2197    78209    3637.01    3637.1     0.0869948   1162     9916     
 96.125  2197    78250    3637.01    3637.1     0.0869948   1148     9940     
 96.192  2198    78301    3637.01    3637.1     0.0869879   1199     9944     
 96.313  2199    78365    3637.01    3637.1     0.0869873   1181     9953     
 97.023  2200    78425    3637.01    3637.1     0.0869867   1031     9955     
 97.097  2201    78473    3637.01    3637.1     0.0869798   1079     9960     
 97.137  2202    78521    3637.01    3637.1     0.086976    1127     9961     
 97.242  2202    78550    3637.01    3637.1     0.086976    1068     9969     
 97.297  2203    78600    3637.01    3637.1     0.0869625   1118     9972     
 97.379  2204    78650    3637.01    3637.1     0.0869074   1119     9978     
 97.476  2205    78700    3637.01    3637.09    0.0852001   1169     9988     
 97.734  2207    78750    3637.01    3637.09    0.0849638   1038     10001    
 97.782  2208    78811    3637.01    3637.09    0.0846595   1099     10004    
 97.905  2209    78861    3637.01    3637.09    0.0846024   1094     10016    
 98.531  2210    78900    3637.01    3637.09    0.084525    1133     10023    
 98.672  2211    78950    3637.01    3637.09    0.0844837   1183     10037    
 98.89   2213    79009    3637.01    3637.09    0.0842447   1039     10043    
 98.921  2214    79061    3637.01    3637.09    0.0831324   1091     10045    
 99.019  2215    79100    3637.01    3637.09    0.0830645   1130     10053    
 99.134  2216    79150    3637.01    3637.09    0.0830503   1094     10059    
 99.234  2217    79200    3637.01    3637.09    0.0829914   1144     10069    
 99.281  2218    79250    3637.01    3637.09    0.0828036   1121     10072    
 100.083 2220    79321    3637.01    3637.09    0.0826527   1062     10078    
 100.164 2220    79350    3637.01    3637.09    0.0826527   1091     10085    
 100.244 2221    79400    3637.01    3637.09    0.082606    1141     10091    
 100.428 2222    79453    3637.01    3637.09    0.082455    1121     10110    
 100.623 2223    79543    3637.01    3637.09    0.0824227   1211     10128    
 100.641 2223    79550    3637.01    3637.09    0.0824227   1218     10128    
 100.764 2224    79607    3637.01    3637.09    0.0824011   1186     10136    
 100.821 2225    79661    3637.01    3637.09    0.0823769   1240     10138    
 100.905 2226    79711    3637.01    3637.09    0.0823597   1205     10144    
 101.247 2226    79750    3637.01    3637.09    0.0823597   1076     10165    
 101.989 2227    79801    3637.01    3637.09    0.0823347   1127     10170    
 102.069 2228    79850    3637.01    3637.09    0.0819034   1176     10176    
 102.178 2230    79907    3637.01    3637.09    0.0813255   1148     10181    
 102.255 2231    79950    3637.01    3637.09    0.0812714   1191     10186    
 102.384 2233    80000    3637.01    3637.09    0.0773266   1163     10196    
 102.561 2234    80055    3637.01    3637.09    0.077278    1080     10196    
 102.609 2235    80107    3637.01    3637.09    0.0772254   1132     10197    
 102.696 2236    80155    3637.01    3637.09    0.0771375   1180     10207    
 102.808 2237    80211    3637.01    3637.09    0.0770937   1144     10214    
 103.5   2238    80267    3637.01    3637.09    0.0770614   1200     10220    
 103.593 2239    80325    3637.01    3637.09    0.0770332   1166     10225    
 103.638 2240    80351    3637.01    3637.09    0.0770099   1192     10226    
 103.968 2240    80400    3637.01    3637.09    0.0770099   1081     10247    
 104.032 2241    80455    3637.01    3637.09    0.07699     1136     10249    
 104.11  2242    80503    3637.01    3637.09    0.0769379   1184     10255    
 104.297 2243    80587    3637.01    3637.09    0.0769247   1207     10272    
 104.33  2243    80600    3637.01    3637.09    0.0769247   1220     10272    
 104.405 2244    80650    3637.01    3637.09    0.0769155   1174     10278    
 104.507 2245    80700    3637.01    3637.09    0.0769091   1224     10284    
 105.437 2246    80783    3637.01    3637.09    0.0769044   1108     10303    
 105.457 2246    80800    3637.01    3637.09    0.0769044   1125     10303    
 105.551 2247    80850    3637.01    3637.09    0.0768863   1175     10310    
 105.667 2248    80900    3637.01    3637.09    0.0767931   1153     10319    
 105.752 2250    80959    3637.01    3637.09    0.0766188   1212     10328    
 105.791 2251    81000    3637.01    3637.09    0.0765459   1253     10329    
 106.046 2252    81097    3637.01    3637.09    0.076532    1258     10359    
 106.066 2252    81100    3637.01    3637.09    0.076532    1261     10359    
 106.308 2253    81157    3637.01    3637.09    0.0765213   1108     10367    
 107.067 2254    81233    3637.01    3637.09    0.0763943   1184     10391    
 107.093 2255    81251    3637.01    3637.09    0.0763283   1202     10392    
 107.216 2256    81303    3637.01    3637.08    0.0757397   1149     10402    
 107.299 2257    81350    3637.01    3637.08    0.0757389   1196     10407    
 107.347 2259    81400    3637.01    3637.08    0.0756799   1174     10407    
 107.395 2260    81450    3637.01    3637.08    0.0747718   1224     10410    
 107.64  2261    81503    3637.01    3637.08    0.0746881   1116     10420    
 107.743 2262    81569    3637.01    3637.08    0.0746847   1182     10428    
 107.831 2262    81600    3637.01    3637.08    0.0746847   1213     10437    
 108.524 2263    81650    3637.01    3637.08    0.0746778   1175     10438    
 108.611 2264    81700    3637.01    3637.08    0.0746719   1225     10445    
 108.719 2266    81771    3637.01    3637.08    0.0743103   1185     10452    
 108.939 2267    81800    3637.01    3637.08    0.0743103   1109     10459    
 108.994 2268    81869    3637.01    3637.08    0.0740966   1178     10460    
 109.161 2269    81915    3637.01    3637.08    0.073974    1160     10473    
 109.198 2270    81959    3637.01    3637.08    0.0738044   1204     10473    
 109.258 2272    82015    3637.01    3637.08    0.0737838   1260     10475    
 109.347 2273    82051    3637.01    3637.08    0.0737817   1203     10482    
 109.399 2275    82109    3637.01    3637.08    0.0735296   1261     10484    
 110.437 2276    82187    3637.01    3637.08    0.0733922   1099     10509    
 110.469 2277    82207    3637.01    3637.08    0.0732132   1119     10512    
 110.563 2278    82250    3637.01    3637.08    0.0731149   1162     10518    
 110.689 2280    82300    3637.01    3637.08    0.072997    1157     10527    
 110.737 2280    82350    3637.01    3637.08    0.0729896   1207     10528    
 110.864 2281    82400    3637.01    3637.08    0.0729876   1257     10537    
 110.912 2282    82450    3637.01    3637.08    0.0729863   1212     10537    
 110.955 2283    82500    3637.01    3637.08    0.072981    1262     10537    
 111.016 2284    82550    3637.01    3637.08    0.0729616   1204     10541    
 111.878 2286    82601    3637.01    3637.08    0.0725597   1097     10544    
 111.947 2288    82663    3637.01    3637.08    0.0724839   1159     10547    
 112.066 2289    82719    3637.01    3637.08    0.0724102   1121     10556    
 112.218 2290    82777    3637.01    3637.08    0.0723726   1179     10571    
 112.348 2291    82819    3637.01    3637.08    0.0722273   1221     10580    
 112.39  2292    82867    3637.01    3637.08    0.0722236   1199     10581    
 112.461 2293    82909    3637.01    3637.08    0.0722134   1241     10585    
 112.6   2294    82973    3637.01    3637.08    0.072204    1223     10595    
 112.676 2294    83000    3637.01    3637.08    0.072204    1250     10602    
 112.756 2295    83050    3637.01    3637.08    0.0722019   1300     10607    
 113.625 2296    83100    3637.01    3637.08    0.0721342   1123     10612    
 113.853 2297    83173    3637.01    3637.08    0.0721329   1196     10634    
 113.896 2298    83209    3637.01    3637.08    0.0721311   1232     10635    
 113.953 2299    83267    3637.01    3637.08    0.0721306   1214     10636    
 114.006 2300    83311    3637.01    3637.08    0.0721292   1258     10637    
 114.078 2301    83351    3637.01    3637.08    0.0721258   1209     10640    
 114.35  2302    83433    3637.01    3637.08    0.0721253   1119     10650    
 114.377 2302    83450    3637.01    3637.08    0.0721253   1136     10650    
 114.525 2303    83500    3637.01    3637.08    0.0721239   1186     10663    
 115.371 2304    83575    3637.01    3637.08    0.0721237   1178     10674    
 115.396 2304    83600    3637.01    3637.08    0.0721237   1203     10674    
 115.472 2305    83650    3637.01    3637.08    0.0721235   1253     10678    
 115.609 2306    83713    3637.01    3637.08    0.0721232   1214     10688    
 115.86  2307    83781    3637.01    3637.08    0.0721226   1126     10696    
 115.89  2307    83800    3637.01    3637.08    0.0721226   1145     10696    
 115.937 2308    83850    3637.01    3637.08    0.0721226   1195     10697    
 116.053 2309    83900    3637.01    3637.08    0.0721193   1155     10703    
 116.151 2310    83953    3637.01    3637.08    0.0721191   1208     10710    
 116.323 2311    84017    3637.01    3637.08    0.0721044   1168     10728    
 117.218 2312    84071    3637.01    3637.08    0.0721042   1130     10730    
 117.275 2312    84100    3637.01    3637.08    0.0721042   1159     10735    
 117.327 2313    84150    3637.01    3637.08    0.0721041   1209     10737    
 117.406 2314    84200    3637.01    3637.08    0.072104    1158     10741    
 117.447 2315    84250    3637.01    3637.08    0.0721029   1208     10742    
 117.61  2316    84315    3637.01    3637.08    0.0721023   1180     10754    
 117.673 2317    84373    3637.01    3637.08    0.0721022   1238     10756    
 117.732 2317    84400    3637.01    3637.08    0.0721022   1265     10759    
 117.782 2318    84450    3637.01    3637.08    0.0721015   1221     10760    
 117.88  2319    84500    3637.01    3637.08    0.0721009   1271     10765    
 118.072 2320    84565    3637.01    3637.08    0.0717647   1225     10787    
 118.959 2321    84600    3637.01    3637.08    0.0717514   1148     10788    
 119.124 2322    84651    3637.01    3637.08    0.0716306   1199     10804    
 119.17  2323    84701    3637.01    3637.08    0.0708707   1249     10806    
 119.253 2324    84750    3637.01    3637.08    0.0708611   1232     10811    
 119.596 2326    84823    3637.01    3637.08    0.0707765   1155     10829    
 119.693 2327    84865    3637.01    3637.08    0.070656    1197     10840    
 119.815 2328    84907    3637.01    3637.08    0.0702824   1239     10849    
 119.863 2329    84955    3637.01    3637.08    0.070157    1180     10849    
 120.015 2330    85015    3637.01    3637.08    0.070143    1240     10862    
 120.078 2331    85050    3637.01    3637.08    0.0700906   1275     10866    
 120.99  2332    85100    3637.01    3637.08    0.0700536   1152     10869    
 121.03  2333    85150    3637.01    3637.08    0.0700312   1202     10870    
 121.062 2334    85200    3637.01    3637.08    0.0679237   1252     10871    
 121.126 2335    85250    3637.01    3637.08    0.06791     1187     10873    
 121.18  2336    85301    3637.01    3637.08    0.0679031   1238     10879    
 121.243 2337    85355    3637.01    3637.08    0.0678911   1153     10885    
 121.281 2338    85400    3637.01    3637.08    0.0670356   1198     10885    
 121.395 2340    85465    3637.01    3637.08    0.0668609   1263     10892    
 121.438 2341    85501    3637.01    3637.08    0.0664027   1208     10892    
 121.609 2343    85571    3637.01    3637.08    0.0661977   1278     10910    
 122.554 2344    85600    3637.01    3637.08    0.0661245   1153     10912    
 122.752 2345    85657    3637.01    3637.08    0.0661053   1210     10930    
 122.813 2347    85717    3637.01    3637.07    0.0654157   1186     10933    
 122.845 2348    85751    3637.01    3637.07    0.065013    1220     10933    
 122.909 2350    85823    3637.01    3637.07    0.0649378   1292     10935    
 123.081 2351    85857    3637.01    3637.07    0.0644845   1235     10945    
 123.119 2352    85901    3637.01    3637.07    0.0643444   1279     10945    
 123.262 2353    85967    3637.01    3637.07    0.064293    1243     10957    
 123.485 2354    86011    3637.01    3637.07    0.0642309   1160     10961    
 124.39  2355    86085    3637.01    3637.07    0.0642262   1234     10970    
 124.422 2355    86100    3637.01    3637.07    0.0642262   1249     10970    
 124.521 2356    86150    3637.01    3637.07    0.0642209   1202     10975    
 124.796 2357    86225    3637.01    3637.07    0.0642188   1174     10992    
 124.853 2357    86250    3637.01    3637.07    0.0642188   1199     10994    
 124.943 2358    86300    3637.01    3637.07    0.0642184   1249     11000    
 124.983 2359    86351    3637.01    3637.07    0.0642184   1191     11000    
 125.068 2360    86405    3637.01    3637.07    0.064218    1245     11003    
 125.196 2361    86469    3637.01    3637.07    0.0642171   1309     11013    
 125.28  2362    86525    3637.01    3637.07    0.0642161   1270     11016    
 125.328 2363    86573    3637.01    3637.07    0.0642156   1318     11017    
 126.246 2364    86625    3637.01    3637.07    0.0642115   1172     11017    
 126.28  2364    86650    3637.01    3637.07    0.0642115   1197     11017    
 126.488 2365    86735    3637.01    3637.07    0.064211    1282     11040    
 126.523 2365    86750    3637.01    3637.07    0.064211    1210     11040    
 126.609 2366    86800    3637.01    3637.07    0.0642106   1260     11045    
 126.735 2367    86859    3637.01    3637.07    0.0642101   1319     11055    
 126.827 2368    86923    3637.01    3637.07    0.0642101   1294     11059    
 126.861 2368    86950    3637.01    3637.07    0.0642101   1321     11059    
 126.947 2369    87000    3637.01    3637.07    0.06421     1263     11064    
 127.083 2370    87063    3637.01    3637.07    0.0642099   1326     11073    
 127.21  2370    87100    3637.01    3637.07    0.0642099   1363     11086    
 128.406 2371    87169    3637.01    3637.07    0.0642097   1171     11101    
 128.468 2372    87221    3637.01    3637.07    0.0642095   1223     11105    
 128.511 2372    87250    3637.01    3637.07    0.0642095   1252     11105    
 128.827 2373    87331    3637.01    3637.07    0.0642095   1219     11127    
 129.036 2373    87350    3637.01    3637.07    0.0642095   1173     11127    
 129.198 2374    87411    3637.01    3637.07    0.0642089   1234     11145    
 129.271 2375    87461    3637.01    3637.07    0.064205    1284     11150    
 129.49  2376    87533    3637.01    3637.07    0.0642035   1264     11164    
 129.518 2376    87550    3637.01    3637.07    0.0642035   1281     11164    
 129.624 2377    87600    3637.01    3637.07    0.0642034   1228     11171    
 130.753 2378    87679    3637.01    3637.07    0.0642032   1183     11189    
 130.782 2378    87700    3637.01    3637.07    0.0642032   1204     11189    
 130.999 2379    87771    3637.01    3637.07    0.0642031   1275     11211    
 131.062 2379    87800    3637.01    3637.07    0.0642031   1221     11214    
 131.149 2380    87850    3637.01    3637.07    0.064203    1271     11218    
 131.236 2381    87917    3637.01    3637.07    0.064203    1338     11226    
 131.328 2381    87950    3637.01    3637.07    0.064203    1285     11232    
 131.421 2382    88007    3637.01    3637.07    0.0642026   1342     11243    
 131.563 2383    88081    3637.01    3637.07    0.0642023   1287     11257    
 131.604 2383    88100    3637.01    3637.07    0.0642023   1306     11257    
 132.562 2384    88150    3637.01    3637.07    0.0642021   1172     11259    
 132.694 2385    88213    3637.01    3637.07    0.0642021   1235     11268    
 132.764 2386    88275    3637.01    3637.07    0.0642019   1209     11269    
 132.796 2386    88300    3637.01    3637.07    0.0642019   1234     11270    
 132.941 2387    88350    3637.01    3637.07    0.0642018   1284     11281    
 132.994 2388    88400    3637.01    3637.07    0.0642015   1244     11282    
 133.077 2389    88459    3637.01    3637.07    0.0642013   1303     11287    
 133.171 2390    88521    3637.01    3637.07    0.064201    1365     11292    
 133.235 2390    88550    3637.01    3637.07    0.064201    1301     11294    
 133.297 2391    88600    3637.01    3637.07    0.064201    1351     11300    
 133.601 2392    88663    3637.01    3637.07    0.0642009   1201     11309    
 134.475 2393    88717    3637.01    3637.07    0.0642009   1255     11310    
 134.563 2393    88750    3637.01    3637.07    0.0642009   1288     11317    
 134.641 2394    88800    3637.01    3637.07    0.0642008   1234     11318    
 134.75  2395    88851    3637.01    3637.07    0.0641999   1285     11326    
 134.828 2396    88913    3637.01    3637.07    0.0641997   1230     11329    
 134.969 2396    88950    3637.01    3637.07    0.0641997   1267     11343    
 135.156 2397    89000    3637.01    3637.07    0.0641995   1193     11343    
 135.406 2398    89079    3637.01    3637.07    0.0641994   1272     11362    
 135.44  2398    89100    3637.01    3637.07    0.0641994   1293     11362    
 135.598 2399    89151    3637.01    3637.07    0.0641992   1263     11372    
 136.64  2400    89215    3637.01    3637.07    0.0641992   1188     11375    
 136.687 2401    89271    3637.01    3637.07    0.0641991   1244     11375    
 136.735 2401    89300    3637.01    3637.07    0.0641991   1273     11377    
 136.969 2402    89367    3637.01    3637.07    0.0641989   1241     11395    
 137.063 2403    89421    3637.01    3637.07    0.0641823   1295     11403    
 137.141 2403    89450    3637.01    3637.07    0.0641823   1324     11408    
 137.299 2404    89501    3637.01    3637.07    0.0641551   1259     11418    
 137.343 2405    89565    3637.01    3637.07    0.0640195   1323     11419    
 137.42  2407    89613    3637.01    3637.07    0.0636048   1371     11422    
 137.468 2408    89650    3637.01    3637.07    0.0635552   1306     11422    
 137.538 2409    89700    3637.01    3637.07    0.063542    1356     11424    
 138.72  2411    89767    3637.01    3637.07    0.0630307   1177     11437    
 138.765 2412    89803    3637.01    3637.07    0.0629705   1213     11437    
 138.8   2413    89850    3637.01    3637.07    0.0629584   1260     11437    
 138.901 2414    89903    3637.01    3637.07    0.062925    1217     11441    
 138.951 2415    89961    3637.01    3637.07    0.0629039   1275     11442    
 139.003 2416    90015    3637.01    3637.07    0.0628814   1329     11444    
 139.132 2417    90077    3637.01    3637.07    0.0628567   1286     11450    
 139.178 2418    90121    3637.01    3637.07    0.0625501   1330     11452    
 139.404 2419    90150    3637.01    3637.07    0.0625501   1184     11455    
 139.447 2419    90200    3637.01    3637.07    0.062535    1234     11455    
 139.533 2420    90250    3637.01    3637.07    0.0625202   1284     11459    
 139.594 2421    90300    3637.01    3637.07    0.0625099   1249     11461    
 140.546 2422    90355    3637.01    3637.07    0.0624741   1304     11467    
 140.609 2423    90405    3637.01    3637.07    0.0624672   1229     11468    
 140.842 2424    90473    3637.01    3637.07    0.0624619   1178     11472    
 140.906 2425    90500    3637.01    3637.07    0.0624619   1205     11475    
 140.951 2425    90550    3637.01    3637.07    0.0624566   1255     11475    
 141.003 2426    90600    3637.01    3637.07    0.062441    1228     11475    
 141.055 2427    90650    3637.01    3637.07    0.0623862   1278     11476    
 141.096 2428    90700    3637.01    3637.07    0.0623567   1328     11476    
 141.226 2429    90750    3637.01    3637.07    0.0623467   1276     11484    
 141.305 2430    90807    3637.01    3637.07    0.0623401   1333     11489    
 142.436 2431    90875    3637.01    3637.07    0.0623357   1190     11497    
 142.468 2432    90900    3637.01    3637.07    0.0623357   1215     11498    
 142.574 2432    90950    3637.01    3637.07    0.0623232   1265     11503    
 142.625 2433    91000    3637.01    3637.07    0.0622988   1218     11503    
 142.71  2434    91050    3637.01    3637.07    0.0622958   1268     11509    
 142.866 2435    91125    3637.01    3637.07    0.0622938   1240     11522    
 142.924 2435    91150    3637.01    3637.07    0.0622938   1265     11525    
 142.968 2436    91200    3637.01    3637.07    0.0622921   1315     11526    
 143.086 2437    91251    3637.01    3637.07    0.0622909   1282     11531    
 143.234 2438    91329    3637.01    3637.07    0.0622901   1360     11540    
 143.265 2438    91350    3637.01    3637.07    0.0622901   1381     11540    
 143.464 2439    91407    3637.01    3637.07    0.0622895   1331     11553    
 144.596 2440    91469    3637.01    3637.07    0.0622889   1192     11558    
 144.654 2441    91525    3637.01    3637.07    0.0622884   1248     11559    
 144.672 2441    91550    3637.01    3637.07    0.0622884   1273     11559    
 144.797 2442    91600    3637.01    3637.07    0.062288    1225     11566    
 144.874 2443    91650    3637.01    3637.07    0.0622872   1275     11569    
 144.999 2444    91709    3637.01    3637.07    0.0622865   1334     11576    
 145.062 2445    91781    3637.01    3637.07    0.062286    1314     11577    
 145.092 2445    91800    3637.01    3637.07    0.062286    1333     11577    
 145.19  2446    91850    3637.01    3637.07    0.0622856   1269     11580    
 145.347 2447    91919    3637.01    3637.07    0.062285    1338     11593    
 146.509 2448    91973    3637.01    3637.07    0.0622822   1199     11596    
 146.571 2448    92000    3637.01    3637.07    0.0622822   1226     11599    
 146.677 2449    92050    3637.01    3637.07    0.0622808   1276     11607    
 147.031 2450    92137    3637.01    3637.07    0.06228     1199     11622    
 147.058 2450    92150    3637.01    3637.07    0.06228     1212     11622    
 147.216 2451    92211    3637.01    3637.07    0.062278    1273     11633    
 147.307 2452    92269    3637.01    3637.07    0.0622713   1255     11637    
 147.496 2453    92313    3637.01    3637.07    0.0615885   1299     11651    
 147.552 2454    92355    3637.01    3637.07    0.0615663   1341     11654    
 147.684 2455    92421    3637.01    3637.07    0.0615344   1331     11661    
 147.754 2456    92471    3637.01    3637.07    0.0615189   1381     11664    
 148.921 2457    92527    3637.01    3637.07    0.0615019   1218     11675    
 148.968 2457    92550    3637.01    3637.07    0.0615019   1241     11677    
 149.239 2458    92619    3637.01    3637.07    0.0614493   1310     11699    
 149.438 2458    92650    3637.01    3637.07    0.0614493   1279     11717    
 149.58  2459    92703    3637.01    3637.07    0.06143     1332     11727    
 149.766 2460    92753    3637.01    3637.07    0.06139     1382     11740    
 150.062 2461    92811    3637.01    3637.07    0.0613751   1239     11744    
 150.119 2462    92857    3637.01    3637.07    0.0613208   1285     11745    
 150.169 2463    92900    3637.01    3637.07    0.0613014   1328     11746    
 150.423 2464    92961    3637.01    3637.07    0.0612886   1310     11766    
 150.627 2465    93000    3637.01    3637.07    0.0604861   1349     11780    
 150.724 2466    93050    3637.01    3637.07    0.0600236   1399     11788    
 151.899 2467    93100    3637.01    3637.07    0.059874    1251     11788    
 151.998 2468    93150    3637.01    3637.07    0.0598517   1301     11793    
 152.052 2469    93203    3637.01    3637.07    0.0598369   1354     11794    
 152.174 2470    93269    3637.01    3637.07    0.0598266   1335     11802    
 152.266 2470    93300    3637.01    3637.07    0.0598266   1366     11809    
 152.398 2471    93350    3637.01    3637.07    0.0598193   1416     11817    
 152.572 2472    93435    3637.01    3637.07    0.0598144   1420     11832    
 152.601 2472    93450    3637.01    3637.07    0.0598144   1435     11832    
 152.707 2473    93500    3637.01    3637.07    0.0598112   1403     11837    
 152.753 2474    93550    3637.01    3637.07    0.0598091   1453     11838    
 152.821 2475    93600    3637.01    3637.07    0.0598074   1503     11839    
 154.058 2476    93663    3637.01    3637.07    0.0598063   1267     11846    
 154.165 2476    93700    3637.01    3637.07    0.0598063   1304     11854    
 154.316 2477    93759    3637.01    3637.07    0.0598055   1363     11864    
 154.405 2478    93819    3637.01    3637.07    0.0598049   1324     11867    
 154.483 2478    93850    3637.01    3637.07    0.0598049   1355     11873    
 154.557 2479    93900    3637.01    3637.07    0.0598044   1405     11878    
 154.608 2480    93953    3637.01    3637.07    0.0598041   1350     11879    
 154.825 2481    94037    3637.01    3637.07    0.0598037   1434     11895    
 154.849 2481    94050    3637.01    3637.07    0.0598037   1447     11895    
 155.01  2482    94111    3637.01    3637.07    0.059803    1374     11909    
 155.156 2483    94175    3637.01    3637.07    0.059802    1438     11918    
 155.211 2483    94200    3637.01    3637.07    0.059802    1463     11919    
 156.462 2484    94250    3637.01    3637.07    0.0598011   1279     11926    
 156.548 2485    94300    3637.01    3637.07    0.0597999   1329     11930    
 156.735 2486    94367    3637.01    3637.07    0.0597963   1396     11943    
 156.875 2487    94421    3637.01    3637.07    0.059793    1365     11949    
 156.919 2488    94469    3637.01    3637.07    0.0597171   1413     11949    
 156.982 2489    94500    3637.01    3637.07    0.0596865   1444     11951    
 157.077 2490    94550    3637.01    3637.07    0.0595978   1400     11954    
 157.409 2492    94609    3637.01    3637.07    0.0592687   1280     11963    
 157.453 2493    94650    3637.01    3637.07    0.0592035   1321     11963    
 157.518 2494    94705    3637.01    3637.07    0.0591932   1376     11964    
 157.638 2495    94767    3637.01    3637.07    0.0591433   1339     11971    
 158.751 2496    94813    3637.01    3637.07    0.0591089   1385     11972    
 159.142 2497    94885    3637.01    3637.07    0.0591009   1273     11990    
 159.172 2497    94900    3637.01    3637.07    0.0591009   1288     11990    
 159.316 2498    94957    3637.01    3637.07    0.0590978   1345     12002    
 159.395 2499    95007    3637.01    3637.07    0.0590829   1395     12004    
 159.498 2500    95050    3637.01    3637.07    0.0590398   1347     12008    
 159.541 2501    95103    3637.01    3637.07    0.0590088   1400     12008    
 159.601 2502    95150    3637.01    3637.07    0.0590019   1317     12008    
 159.646 2503    95200    3637.01    3637.07    0.0589833   1367     12009    
 159.821 2504    95253    3637.01    3637.07    0.0589815   1420     12022    
 159.949 2505    95317    3637.01    3637.07    0.0589787   1391     12031    
 160.075 2505    95350    3637.01    3637.07    0.0589787   1424     12039    
 161.312 2506    95400    3637.01    3637.07    0.0589731   1283     12042    
 161.367 2507    95450    3637.01    3637.07    0.0589726   1333     12043    
 161.421 2508    95500    3637.01    3637.07    0.0589711   1383     12044    
 161.493 2509    95555    3637.01    3637.07    0.0589703   1300     12045    
 161.566 2510    95619    3637.01    3637.07    0.0589702   1364     12047    
 161.623 2510    95650    3637.01    3637.07    0.0589702   1395     12050    
 161.844 2511    95713    3637.01    3637.07    0.0589702   1341     12065    
 161.968 2512    95750    3637.01    3637.07    0.0589702   1378     12073    
 162.016 2512    95800    3637.01    3637.07    0.0589701   1428     12073    
 162.155 2513    95859    3637.01    3637.07    0.0589701   1355     12081    
 162.527 2514    95929    3637.01    3637.07    0.0589695   1283     12093    
 162.562 2515    95967    3637.01    3637.07    0.0588647   1321     12093    
 163.591 2516    96025    3637.01    3637.07    0.0588646   1379     12094    
 163.643 2516    96050    3637.01    3637.07    0.0588646   1404     12096    
 163.775 2517    96100    3637.01    3637.07    0.0588645   1335     12101    
 163.868 2518    96150    3637.01    3637.07    0.0588641   1385     12107    
 163.931 2519    96200    3637.01    3637.07    0.0587649   1435     12109    
 164.005 2520    96250    3637.01    3637.07    0.058668    1368     12110    
 164.333 2522    96315    3637.01    3637.07    0.0586303   1289     12117    
 164.484 2522    96350    3637.01    3637.07    0.0586303   1324     12131    
 164.562 2523    96400    3637.01    3637.07    0.0586111   1374     12135    
 164.68  2525    96450    3637.01    3637.07    0.0585309   1322     12141    
 164.763 2526    96500    3637.01    3637.07    0.0583123   1372     12146    
 165.815 2527    96550    3637.01    3637.07    0.0582913   1422     12147    
 166.077 2528    96600    3637.01    3637.07    0.0582559   1297     12149    
 166.121 2529    96650    3637.01    3637.07    0.058243    1347     12149    
 166.162 2530    96700    3637.01    3637.07    0.0561305   1397     12149    
 166.311 2532    96763    3637.01    3637.06    0.0557303   1345     12158    
 166.545 2533    96825    3637.01    3637.06    0.0556536   1407     12175    
 166.587 2533    96850    3637.01    3637.06    0.0556536   1432     12177    
 166.657 2534    96900    3637.01    3637.06    0.0556447   1404     12179    
 166.744 2535    96950    3637.01    3637.06    0.0556348   1454     12183    
 166.874 2536    97000    3637.01    3637.06    0.0556305   1504     12193    
 166.988 2537    97050    3637.01    3637.06    0.0556208   1426     12197    
 167.176 2538    97100    3637.01    3637.06    0.0556171   1476     12214    
 168.5   2539    97150    3637.01    3637.06    0.0555846   1328     12221    
 168.563 2540    97200    3637.01    3637.06    0.0555816   1378     12222    
 168.698 2541    97257    3637.01    3637.06    0.05558     1435     12232    
 168.897 2542    97315    3637.01    3637.06    0.0555777   1394     12243    
 168.968 2543    97375    3637.01    3637.06    0.0555342   1454     12246    
 169.081 2543    97400    3637.01    3637.06    0.0555342   1479     12253    
 169.39  2544    97473    3637.01    3637.06    0.0555234   1451     12276    
 169.545 2544    97500    3637.01    3637.06    0.0555234   1478     12290    
 169.876 2545    97553    3637.01    3637.06    0.0555034   1332     12302    
 170.061 2546    97635    3637.01    3637.06    0.0554531   1414     12317    
 170.109 2547    97663    3637.01    3637.06    0.055429    1442     12318    
 170.194 2548    97715    3637.01    3637.06    0.0553913   1395     12320    
 171.358 2549    97750    3637.01    3637.06    0.0552029   1430     12331    
 171.561 2550    97800    3637.01    3637.06    0.0543366   1480     12343    
 171.621 2551    97850    3637.01    3637.06    0.0542747   1426     12343    
 171.913 2553    97915    3637.01    3637.06    0.0540885   1324     12346    
 171.953 2554    97965    3637.01    3637.06    0.0540523   1374     12346    
 171.998 2555    98007    3637.01    3637.06    0.0534424   1416     12346    
 172.064 2556    98053    3637.01    3637.06    0.0534025   1340     12347    
 172.229 2557    98100    3637.01    3637.06    0.053319    1387     12361    
 172.29  2558    98150    3637.01    3637.06    0.0532892   1437     12363    
 172.375 2559    98200    3637.01    3637.06    0.0532863   1362     12367    
 172.484 2560    98255    3637.01    3637.06    0.0532853   1417     12371    
 172.623 2561    98315    3637.01    3637.06    0.053283    1477     12378    
 173.97  2562    98359    3637.01    3637.06    0.0532802   1337     12378    
 174.039 2563    98409    3637.01    3637.06    0.0532702   1387     12380    
 174.099 2564    98457    3637.01    3637.06    0.0532694   1435     12381    
 174.352 2565    98531    3637.01    3637.06    0.0532687   1386     12395    
 174.393 2565    98550    3637.01    3637.06    0.0532687   1405     12395    
 174.699 2566    98623    3637.01    3637.06    0.0532687   1478     12414    
 174.85  2567    98673    3637.01    3637.06    0.0532682   1434     12421    
 174.943 2567    98700    3637.01    3637.06    0.0532682   1461     12426    
 175.118 2568    98750    3637.01    3637.06    0.053268    1511     12436    
 175.199 2569    98800    3637.01    3637.06    0.0532678   1462     12437    
 175.309 2570    98851    3637.01    3637.06    0.0532668   1513     12442    
 175.351 2571    98900    3637.01    3637.06    0.0532593   1562     12442    
 176.891 2572    98950    3637.01    3637.06    0.0532529   1347     12449    
 177.101 2573    99000    3637.01    3637.06    0.0532369   1397     12463    
 177.162 2574    99050    3637.01    3637.06    0.0529357   1447     12467    
 177.253 2575    99100    3637.01    3637.06    0.0529174   1420     12472    
 178.131 2576    99197    3637.01    3637.06    0.0529171   1361     12504    
 178.16  2576    99200    3637.01    3637.06    0.0529171   1364     12504    
 178.499 2577    99265    3637.01    3637.06    0.0529108   1429     12520    
 178.606 2578    99333    3637.01    3637.06    0.0529073   1497     12522    
 178.656 2578    99350    3637.01    3637.06    0.0529073   1422     12522    
 178.823 2579    99400    3637.01    3637.06    0.0529068   1472     12531    
 178.967 2580    99471    3637.01    3637.06    0.0529062   1543     12537    
 179.051 2581    99517    3637.01    3637.06    0.0529055   1475     12539    
 180.569 2582    99573    3637.01    3637.06    0.0528997   1369     12548    
 180.839 2582    99600    3637.01    3637.06    0.0528997   1396     12568    
 180.929 2583    99650    3637.01    3637.06    0.0523831   1446     12570    
 181.181 2584    99715    3637.01    3637.06    0.0523728   1437     12583    
 181.279 2585    99769    3637.01    3637.06    0.0523704   1491     12590    
 181.427 2585    99800    3637.01    3637.06    0.0523704   1522     12602    
 181.519 2586    99850    3637.01    3637.06    0.0523666   1572     12605    
 181.624 2587    99900    3637.01    3637.06    0.0523161   1514     12607    
 181.759 2588    99950    3637.01    3637.06    0.0522777   1564     12613    
 181.949 2589    100000   3637.01    3637.06    0.0522653   1614     12624    
 182.179 2590    100071   3637.01    3637.06    0.0522631   1571     12640    
 182.263 2591    100115   3637.01    3637.06    0.0522204   1615     12642    
 182.739 2591    100150   3637.01    3637.06    0.0522204   1389     12666    
 183.974 2592    100201   3637.01    3637.06    0.0522      1440     12673    
 184.219 2593    100259   3637.01    3637.06    0.0521194   1498     12687    
 184.327 2594    100309   3637.01    3637.06    0.0521159   1457     12691    
 184.378 2595    100363   3637.01    3637.06    0.0521127   1511     12691    
 184.531 2596    100419   3637.01    3637.06    0.0521115   1567     12698    
 184.965 2597    100479   3637.01    3637.06    0.052108    1402     12710    
 184.999 2597    100500   3637.01    3637.06    0.052108    1423     12710    
 185.05  2598    100550   3637.01    3637.06    0.0520935   1473     12710    
 185.211 2599    100600   3637.01    3637.06    0.0520925   1523     12722    
 185.344 2600    100650   3637.01    3637.06    0.0520828   1456     12727    
 185.447 2601    100700   3637.01    3637.06    0.052067    1506     12733    
 185.509 2602    100750   3637.01    3637.06    0.0520578   1556     12735    
 185.701 2603    100800   3637.01    3637.06    0.0520576   1461     12745    
 187.455 2604    100869   3637.01    3637.06    0.0520559   1424     12767    
 187.499 2605    100911   3637.01    3637.06    0.0520031   1466     12768    
 187.609 2606    100959   3637.01    3637.06    0.0519327   1514     12774    
 187.657 2607    101000   3637.01    3637.06    0.0518695   1555     12774    
 187.847 2608    101050   3637.01    3637.06    0.0514971   1515     12783    
 188.156 2609    101121   3637.01    3637.06    0.0514596   1586     12805    
 188.347 2610    101177   3637.01    3637.06    0.0514284   1558     12814    
 188.457 2611    101219   3637.01    3637.06    0.0512059   1600     12818    
 188.556 2613    101250   3637.01    3637.06    0.0510239   1631     12822    
 188.622 2614    101300   3637.01    3637.06    0.0495655   1681     12823    
 188.708 2616    101355   3637.01    3637.06    0.0493083   1631     12824    
 188.776 2617    101407   3637.01    3637.06    0.049288    1683     12825    
 190.504 2618    101491   3637.01    3637.06    0.0492768   1457     12848    
 190.532 2618    101500   3637.01    3637.06    0.0492768   1466     12848    
 190.781 2619    101563   3637.01    3637.06    0.049262    1529     12866    
 191.031 2620    101621   3637.01    3637.06    0.049204    1587     12883    
 191.28  2620    101650   3637.01    3637.06    0.049204    1532     12902    
 191.343 2622    101713   3637.01    3637.06    0.0491415   1595     12902    
 191.412 2623    101750   3637.01    3637.06    0.049108    1632     12903    
 191.499 2624    101800   3637.01    3637.06    0.0491002   1591     12904    
 191.734 2625    101871   3637.01    3637.06    0.0490929   1662     12923    
 191.782 2626    101925   3637.01    3637.06    0.0490805   1716     12923    
 192.297 2626    101950   3637.01    3637.06    0.0490805   1446     12944    
 192.395 2627    102000   3637.01    3637.06    0.0483844   1496     12951    
 192.453 2628    102050   3637.01    3637.06    0.047759    1546     12952    
 192.566 2629    102100   3637.01    3637.06    0.0477579   1495     12955    
 193.86  2631    102177   3637.01    3637.06    0.0476323   1572     12958    
 193.957 2632    102215   3637.01    3637.06    0.047613    1610     12962    
 194.06  2633    102281   3637.01    3637.06    0.0476023   1539     12964    
 194.094 2633    102300   3637.01    3637.06    0.0476023   1558     12964    
 194.17  2635    102369   3637.01    3637.06    0.047559    1627     12965    
 194.314 2636    102403   3637.01    3637.06    0.0474279   1525     12972    
 194.607 2637    102455   3637.01    3637.06    0.0474273   1456     12973    
 194.651 2638    102501   3637.01    3637.06    0.0474105   1502     12973    
 194.976 2639    102591   3637.01    3637.06    0.047395    1592     12994    
 194.999 2639    102600   3637.01    3637.06    0.047395    1601     12994    
 195.171 2640    102653   3637.01    3637.06    0.0473889   1558     13007    
 195.396 2641    102711   3637.01    3637.06    0.0473582   1616     13020    
 195.489 2642    102759   3637.01    3637.06    0.0473488   1547     13022    
 197.093 2643    102805   3637.01    3637.06    0.0473035   1466     13036    
 197.219 2644    102850   3637.01    3637.06    0.0470313   1511     13041    
 197.32  2645    102900   3637.01    3637.06    0.0470308   1561     13046    
 197.457 2646    102950   3637.01    3637.06    0.0470194   1611     13053    
 197.733 2648    103000   3637.01    3637.06    0.0470141   1563     13072    
 197.805 2648    103050   3637.01    3637.06    0.0468279   1613     13072    
 197.886 2649    103100   3637.01    3637.06    0.0468278   1663     13074    
 198.033 2650    103150   3637.01    3637.06    0.0468278   1580     13080    
 198.312 2651    103227   3637.01    3637.06    0.0468277   1657     13099    
 198.368 2651    103250   3637.01    3637.06    0.0468277   1680     13101    
 198.562 2652    103300   3637.01    3637.06    0.0468273   1598     13111    
 198.636 2653    103350   3637.01    3637.06    0.0468269   1648     13112    
 198.79  2654    103413   3637.01    3637.06    0.0468266   1711     13119    
 200.531 2655    103475   3637.01    3637.06    0.0468204   1492     13129    
 200.62  2655    103500   3637.01    3637.06    0.0468204   1517     13135    
 200.854 2656    103553   3637.01    3637.06    0.0468198   1570     13148    
 201.022 2657    103621   3637.01    3637.06    0.0468198   1638     13155    
 201.154 2657    103650   3637.01    3637.06    0.0468198   1585     13161    
 201.388 2658    103701   3637.01    3637.06    0.0468198   1636     13171    
 201.448 2659    103751   3637.01    3637.06    0.0468168   1686     13171    
 202.049 2660    103841   3637.01    3637.06    0.0468157   1512     13190    
 202.071 2660    103850   3637.01    3637.06    0.0468157   1521     13190    
 202.184 2661    103900   3637.01    3637.06    0.0468155   1571     13194    
 202.36  2662    103965   3637.01    3637.06    0.0468155   1636     13207    
 202.53  2663    104021   3637.01    3637.06    0.0468153   1575     13214    
 202.579 2664    104059   3637.01    3637.06    0.0468149   1613     13214    
 203.974 2665    104101   3637.01    3637.06    0.0468119   1655     13218    
 204.303 2666    104163   3637.01    3637.06    0.046806    1579     13235    
 204.715 2667    104223   3637.01    3637.06    0.0467905   1522     13242    
 204.75  2668    104271   3637.01    3637.06    0.0467211   1570     13242    
 204.933 2669    104327   3637.01    3637.06    0.0467115   1626     13251    
 204.969 2669    104350   3637.01    3637.06    0.0467115   1649     13251    
 205.131 2670    104401   3637.01    3637.06    0.0466888   1567     13258    
 205.326 2671    104450   3637.01    3637.06    0.0466733   1616     13268    
 205.749 2672    104551   3637.01    3637.06    0.0466541   1717     13299    
 205.776 2672    104552   3637.01    3637.06    0.0466541   1718     13299    
 205.859 2673    104601   3637.01    3637.06    0.0466316   1685     13302    
 206.049 2674    104650   3637.01    3637.06    0.0465758   1734     13312    
 206.193 2675    104700   3637.01    3637.06    0.0465489   1784     13322    
 207.934 2677    104761   3637.01    3637.06    0.0461745   1514     13323    
 208.179 2677    104800   3637.01    3637.06    0.0461745   1553     13338    
 208.231 2678    104850   3637.01    3637.06    0.0461656   1603     13338    
 208.415 2679    104903   3637.01    3637.06    0.0461209   1656     13348    
 208.631 2680    104961   3637.01    3637.06    0.0461136   1630     13365    
 208.874 2680    105000   3637.01    3637.06    0.0461136   1669     13381    
 208.992 2681    105050   3637.01    3637.06    0.0461126   1719     13384    
 209.222 2682    105111   3637.01    3637.06    0.0461046   1670     13396    
 209.374 2683    105159   3637.01    3637.06    0.0460766   1718     13403    
 209.99  2683    105200   3637.01    3637.06    0.0460766   1525     13431    
 210.077 2684    105253   3637.01    3637.06    0.0460666   1578     13436    
 210.141 2686    105313   3637.01    3637.05    0.0459883   1638     13436    
 210.186 2687    105350   3637.01    3637.05    0.0458035   1675     13436    
 210.511 2688    105400   3637.01    3637.05    0.0457016   1597     13454    
 212.029 2689    105450   3637.01    3637.05    0.0455759   1647     13461    
 212.172 2690    105501   3637.01    3637.05    0.0455475   1698     13470    
 212.268 2691    105550   3637.01    3637.05    0.0455174   1651     13471    
 212.794 2692    105603   3637.01    3637.05    0.0454115   1537     13487    
 212.851 2693    105650   3637.01    3637.05    0.0453237   1584     13488    
 212.968 2694    105701   3637.01    3637.05    0.0453175   1635     13492    
 213.271 2695    105777   3637.01    3637.05    0.045315    1590     13512    
 213.359 2695    105800   3637.01    3637.05    0.045315    1613     13516    
 213.592 2696    105850   3637.01    3637.05    0.0453119   1663     13528    
 213.667 2697    105901   3637.01    3637.05    0.0453097   1714     13530    
 213.781 2698    105957   3637.01    3637.05    0.0453091   1648     13534    
 213.88  2699    106011   3637.01    3637.05    0.0453083   1702     13540    
 213.951 2700    106069   3637.01    3637.05    0.0453081   1760     13540    
 214.073 2700    106100   3637.01    3637.05    0.0453081   1791     13546    
 215.874 2701    106150   3637.01    3637.05    0.0453079   1521     13548    
 216.079 2702    106209   3637.01    3637.05    0.0453078   1580     13557    
 216.276 2703    106250   3637.01    3637.05    0.0453078   1621     13573    
 216.323 2703    106300   3637.01    3637.05    0.0453076   1671     13573    
 216.46  2704    106350   3637.01    3637.05    0.0453069   1575     13578    
 216.571 2705    106400   3637.01    3637.05    0.0453068   1625     13581    
 216.711 2706    106455   3637.01    3637.05    0.0453064   1680     13586    
 216.956 2707    106500   3637.01    3637.05    0.0452397   1610     13596    
 217.163 2708    106555   3637.01    3637.05    0.0452395   1665     13605    
 217.468 2709    106625   3637.01    3637.05    0.0452391   1605     13617    
 217.572 2710    106671   3637.01    3637.05    0.0452388   1651     13619    
 217.733 2710    106700   3637.01    3637.05    0.0452388   1680     13628    
 217.837 2711    106750   3637.01    3637.05    0.0452386   1730     13631    
 218.27  2712    106800   3637.01    3637.05    0.0452383   1535     13635    
 219.78  2713    106850   3637.01    3637.05    0.045238    1585     13639    
 219.925 2714    106907   3637.01    3637.05    0.0452378   1642     13646    
 220.221 2715    106975   3637.01    3637.05    0.0452367   1593     13661    
 220.289 2715    107000   3637.01    3637.05    0.0452367   1618     13665    
 220.449 2716    107050   3637.01    3637.05    0.0452364   1668     13672    
 220.938 2717    107107   3637.01    3637.05    0.0452318   1542     13680    
 221.062 2718    107165   3637.01    3637.05    0.0452315   1600     13685    
 221.17  2719    107213   3637.01    3637.05    0.0452309   1648     13690    
 221.365 2719    107250   3637.01    3637.05    0.0452309   1685     13702    
 221.448 2720    107300   3637.01    3637.05    0.0452307   1625     13703    
 221.553 2721    107350   3637.01    3637.05    0.0452299   1675     13706    
 221.635 2722    107400   3637.01    3637.05    0.0452299   1725     13710    
 221.829 2724    107467   3637.01    3637.05    0.0448528   1637     13721    
 223.621 2725    107513   3637.01    3637.05    0.0448147   1539     13725    
 223.672 2726    107557   3637.01    3637.05    0.0446555   1583     13725    
 223.881 2727    107603   3637.01    3637.05    0.0446399   1629     13736    
 223.968 2728    107650   3637.01    3637.05    0.0445749   1676     13738    
 224.046 2730    107719   3637.01    3637.05    0.0444965   1630     13739    
 224.185 2731    107751   3637.01    3637.05    0.0442506   1662     13746    
 224.444 2732    107800   3637.01    3637.05    0.0440946   1711     13759    
 224.575 2733    107850   3637.01    3637.05    0.0440818   1655     13762    
 224.677 2734    107900   3637.01    3637.05    0.0440733   1705     13765    
 224.953 2735    107973   3637.01    3637.05    0.0440686   1778     13784    
 225.225 2735    108000   3637.01    3637.05    0.0440686   1805     13799    
 225.357 2736    108050   3637.01    3637.05    0.0440392   1731     13803    
 225.522 2738    108117   3637.01    3637.05    0.0438734   1798     13810    
 225.603 2739    108169   3637.01    3637.05    0.0438645   1850     13816    
 227.588 2740    108217   3637.01    3637.05    0.0438474   1551     13822    
 227.655 2741    108267   3637.01    3637.05    0.0438269   1601     13822    
 227.71  2742    108300   3637.01    3637.05    0.0437823   1634     13822    
 227.932 2743    108350   3637.01    3637.05    0.0437085   1684     13829    
 228.07  2745    108409   3637.01    3637.05    0.043664    1600     13833    
 228.175 2746    108450   3637.01    3637.05    0.043636    1641     13837    
 228.255 2748    108517   3637.01    3637.05    0.043276    1708     13838    
 228.378 2749    108550   3637.01    3637.05    0.0431919   1641     13844    
 228.535 2750    108607   3637.01    3637.05    0.0431828   1698     13851    
 228.635 2751    108651   3637.01    3637.05    0.0431623   1742     13857    
 228.71  2752    108700   3637.01    3637.05    0.0431552   1791     13858    
 228.794 2754    108763   3637.01    3637.05    0.0430419   1743     13858    
 228.883 2755    108807   3637.01    3637.05    0.0429248   1787     13860    
 229.059 2756    108850   3637.01    3637.05    0.042509    1830     13872    
 229.188 2757    108900   3637.01    3637.05    0.0424924   1726     13878    
 231.133 2758    108950   3637.01    3637.05    0.0424599   1572     13878    
 231.375 2759    109000   3637.01    3637.05    0.041236    1622     13894    
 231.636 2760    109057   3637.01    3637.05    0.0412062   1679     13909    
 231.945 2762    109109   3637.01    3637.05    0.0406173   1641     13923    
 232.296 2763    109157   3637.01    3637.05    0.0405428   1586     13923    
 232.357 2765    109200   3637.01    3637.05    0.040367    1629     13924    
 232.461 2766    109250   3637.01    3637.05    0.040286    1679     13927    
 232.741 2767    109300   3637.01    3637.05    0.0402012   1729     13942    
 233.017 2768    109350   3637.01    3637.05    0.0401388   1666     13954    
 233.203 2769    109400   3637.01    3637.05    0.0400787   1716     13962    
 233.432 2770    109450   3637.01    3637.05    0.0400691   1766     13974    
 233.627 2771    109501   3637.01    3637.05    0.0400619   1707     13981    
 233.705 2772    109553   3637.01    3637.05    0.0400608   1759     13982    
 233.969 2773    109621   3637.01    3637.05    0.0400537   1827     14004    
 236.044 2774    109673   3637.01    3637.05    0.0399851   1596     14021    
 236.198 2775    109711   3637.01    3637.05    0.0399392   1634     14030    
 236.512 2776    109761   3637.01    3637.05    0.0398913   1684     14044    
 236.702 2777    109801   3637.01    3637.05    0.039879    1724     14052    
 236.913 2779    109851   3637.01    3637.05    0.0395864   1658     14061    
 237.436 2779    109900   3637.01    3637.05    0.0395864   1707     14098    
 237.536 2780    109955   3637.01    3637.05    0.0395208   1762     14100    
 237.613 2781    110000   3637.01    3637.04    0.0360039   1675     14101    
 237.765 2782    110050   3637.01    3637.04    0.0358659   1725     14106    
 237.89  2783    110100   3637.01    3637.04    0.0358175   1775     14111    
 238.203 2784    110167   3637.01    3637.04    0.0358075   1727     14121    
 238.303 2785    110229   3637.01    3637.04    0.0358014   1789     14123    
 238.342 2785    110250   3637.01    3637.04    0.0358014   1810     14123    
 239.015 2786    110309   3637.01    3637.04    0.0358007   1614     14140    
 239.084 2787    110365   3637.01    3637.04    0.0358004   1670     14141    
 240.812 2787    110400   3637.01    3637.04    0.0358004   1705     14151    
 240.936 2788    110450   3637.01    3637.04    0.0358      1755     14156    
 241.046 2789    110517   3637.01    3637.04    0.0357992   1693     14159    
 241.188 2790    110575   3637.01    3637.04    0.0357984   1751     14167    
 241.277 2790    110600   3637.01    3637.04    0.0357984   1776     14170    
 241.369 2791    110650   3637.01    3637.04    0.0357835   1692     14171    
 241.45  2792    110700   3637.01    3637.04    0.0357088   1742     14172    
 242.001 2793    110750   3637.01    3637.04    0.035652    1629     14184    
 242.062 2794    110800   3637.01    3637.04    0.0355207   1679     14185    
 242.124 2795    110855   3637.01    3637.04    0.035517    1734     14186    
 242.311 2796    110915   3637.01    3637.04    0.0354752   1669     14193    
 242.485 2797    110965   3637.01    3637.04    0.0354313   1719     14206    
 242.543 2797    111000   3637.01    3637.04    0.0354313   1754     14206    
 242.61  2798    111050   3637.01    3637.04    0.0354225   1804     14207    
 244.586 2799    111129   3637.01    3637.04    0.0354132   1759     14225    
 244.655 2799    111150   3637.01    3637.04    0.0354132   1780     14227    
 245.069 2800    111200   3637.01    3637.04    0.0354023   1656     14230    
 245.428 2801    111283   3637.01    3637.04    0.0354021   1739     14254    
 245.452 2801    111300   3637.01    3637.04    0.0354021   1756     14254    
 245.633 2802    111357   3637.01    3637.04    0.0354019   1813     14263    
 245.733 2803    111413   3637.01    3637.04    0.0354008   1771     14266    
 246.034 2803    111450   3637.01    3637.04    0.0354008   1808     14283    
 246.147 2804    111500   3637.01    3637.04    0.03539     1858     14286    
 246.453 2805    111559   3637.01    3637.04    0.0353739   1787     14301    
 246.55  2806    111603   3637.01    3637.04    0.0352681   1831     14306    
 246.672 2807    111663   3637.01    3637.04    0.0352645   1891     14310    
 246.782 2808    111731   3637.01    3637.04    0.0352629   1959     14312    
 246.859 2808    111750   3637.01    3637.04    0.0352629   1859     14314    
 247.095 2809    111805   3637.01    3637.04    0.0352566   1914     14331    
 247.158 2810    111850   3637.01    3637.04    0.0352419   1959     14331    
 249.426 2811    111909   3637.01    3637.04    0.0352275   1663     14342    
 249.641 2812    111981   3637.01    3637.04    0.0352232   1735     14358    
 249.686 2812    112000   3637.01    3637.04    0.0352232   1754     14358    
 249.8   2813    112050   3637.01    3637.04    0.0352207   1804     14362    
 249.887 2814    112100   3637.01    3637.04    0.0352194   1699     14363    
 250.077 2815    112167   3637.01    3637.04    0.035216    1766     14374    
 250.166 2816    112223   3637.01    3637.04    0.035204    1822     14376    
 250.289 2817    112273   3637.01    3637.04    0.0351992   1719     14379    
 250.341 2818    112317   3637.01    3637.04    0.0351758   1763     14379    
 250.468 2819    112357   3637.01    3637.04    0.034927    1803     14390    
 250.535 2820    112400   3637.01    3637.04    0.0348792   1846     14390    
 250.786 2822    112455   3637.01    3637.04    0.0346277   1768     14401    
 250.871 2823    112500   3637.01    3637.04    0.0346271   1813     14403    
 250.937 2825    112550   3637.01    3637.04    0.0346183   1863     14404    
 252.948 2826    112600   3637.01    3637.04    0.0345745   1688     14406    
 253.093 2828    112661   3637.01    3637.04    0.0344023   1749     14413    
 253.255 2829    112707   3637.01    3637.04    0.0343893   1795     14420    
 253.343 2830    112759   3637.01    3637.04    0.0343092   1847     14428    
 253.562 2831    112819   3637.01    3637.04    0.0343061   1787     14439    
 253.641 2832    112875   3637.01    3637.04    0.0341873   1843     14442    
 253.781 2832    112900   3637.01    3637.04    0.0341873   1868     14450    
 253.907 2833    112950   3637.01    3637.04    0.0341832   1781     14457    
 254.235 2834    113000   3637.01    3637.04    0.0341759   1831     14473    
 254.953 2835    113065   3637.01    3637.04    0.0341694   1683     14492    
 255.03  2836    113100   3637.01    3637.04    0.0341596   1718     14495    
 255.299 2837    113150   3637.01    3637.04    0.0341567   1768     14509    
 255.8   2838    113215   3637.01    3637.04    0.0341435   1833     14532    
 255.953 2839    113250   3637.01    3637.04    0.0339488   1780     14535    
 256.054 2840    113300   3637.01    3637.04    0.0339407   1830     14537    
 258.354 2841    113350   3637.01    3637.04    0.0339232   1697     14543    
 258.519 2842    113400   3637.01    3637.04    0.0339022   1747     14547    
 258.594 2843    113450   3637.01    3637.04    0.0338987   1797     14549    
 258.653 2844    113500   3637.01    3637.04    0.0338932   1847     14549    
 258.903 2845    113550   3637.01    3637.04    0.0338922   1753     14559    
 259.199 2846    113603   3637.01    3637.04    0.0338881   1806     14574    
 259.274 2847    113650   3637.01    3637.04    0.0338809   1853     14575    
 259.647 2848    113700   3637.01    3637.04    0.0338024   1903     14589    
 259.908 2849    113750   3637.01    3637.04    0.033802    1827     14594    
 260.123 2850    113800   3637.01    3637.04    0.0338019   1877     14600    
 260.292 2851    113850   3637.01    3637.04    0.0338015   1927     14604    
 260.598 2852    113905   3637.01    3637.04    0.0338009   1982     14618    
 260.743 2853    113950   3637.01    3637.04    0.0338008   1874     14621    
 261.006 2854    114015   3637.01    3637.04    0.0337994   1939     14636    
 261.083 2855    114063   3637.01    3637.04    0.0337943   1987     14637    
 263.484 2855    114100   3637.01    3637.04    0.0337943   1706     14642    
 263.568 2856    114150   3637.01    3637.04    0.0337917   1756     14643    
 263.663 2857    114205   3637.01    3637.04    0.0337852   1811     14648    
 263.813 2858    114267   3637.01    3637.04    0.0337793   1873     14651    
 264.094 2858    114300   3637.01    3637.04    0.0337793   1785     14664    
 264.248 2859    114350   3637.01    3637.04    0.0337717   1835     14669    
 264.429 2860    114401   3637.01    3637.04    0.0337706   1886     14675    
 264.564 2861    114455   3637.01    3637.04    0.0337702   1805     14680    
 264.796 2862    114517   3637.01    3637.04    0.0337694   1867     14692    
 265.109 2862    114550   3637.01    3637.04    0.0337694   1900     14709    
 265.666 2863    114600   3637.01    3637.04    0.0337674   1728     14716    
 265.759 2864    114650   3637.01    3637.04    0.0337672   1778     14719    
 265.93  2865    114709   3637.01    3637.04    0.0337649   1837     14723    
 266.14  2866    114777   3637.01    3637.04    0.0337602   1770     14728    
 266.256 2866    114800   3637.01    3637.04    0.0337602   1793     14732    
 268.156 2868    114857   3637.01    3637.04    0.0337203   1850     14733    
 268.339 2869    114911   3637.01    3637.04    0.0337167   1904     14738    
 268.44  2870    114959   3637.01    3637.04    0.0337141   1795     14739    
 268.776 2871    115033   3637.01    3637.04    0.0337139   1869     14749    
 268.816 2871    115050   3637.01    3637.04    0.0337139   1886     14749    
 269.271 2872    115100   3637.01    3637.04    0.0337134   1737     14749    
 269.351 2873    115155   3637.01    3637.04    0.0337131   1792     14749    
 269.516 2874    115205   3637.01    3637.04    0.0337099   1842     14753    
 269.589 2875    115259   3637.01    3637.04    0.0337012   1896     14753    
 269.954 2876    115309   3637.01    3637.04    0.0336729   1797     14767    
 270.031 2877    115363   3637.01    3637.04    0.0336728   1851     14768    
 270.233 2878    115435   3637.01    3637.04    0.0336727   1923     14773    
 270.283 2878    115450   3637.01    3637.04    0.0336727   1938     14773    
 270.409 2879    115500   3637.01    3637.04    0.0336727   1861     14774    
 270.746 2880    115587   3637.01    3637.04    0.0336727   1948     14789    
 273.22  2880    115600   3637.01    3637.04    0.0336727   1724     14789    
 273.297 2881    115650   3637.01    3637.04    0.0336721   1774     14790    
 273.39  2882    115700   3637.01    3637.04    0.0336685   1824     14791    
 273.593 2883    115750   3637.01    3637.04    0.0336619   1874     14798    
 273.891 2884    115800   3637.01    3637.04    0.0336569   1754     14806    
 273.996 2885    115851   3637.01    3637.04    0.0336561   1805     14808    
 274.094 2886    115911   3637.01    3637.04    0.033655    1865     14809    
 274.156 2887    115959   3637.01    3637.04    0.0336399   1913     14809    
 274.358 2888    116000   3637.01    3637.04    0.033628    1800     14815    
 274.484 2889    116053   3637.01    3637.04    0.0336215   1853     14817    
 274.937 2890    116125   3637.01    3637.04    0.0336117   1925     14837    
 275.124 2891    116161   3637.01    3637.04    0.0335918   1847     14847    
 275.233 2892    116225   3637.01    3637.04    0.0335918   1911     14849    
 275.28  2892    116250   3637.01    3637.04    0.0335918   1936     14849    
 275.486 2893    116305   3637.01    3637.04    0.0335918   1991     14859    
 275.561 2894    116355   3637.01    3637.04    0.0335915   1865     14859    
 278.108 2895    116431   3637.01    3637.04    0.0335914   1738     14868    
 278.152 2895    116450   3637.01    3637.04    0.0335914   1757     14868    
 278.379 2896    116500   3637.01    3637.04    0.0335914   1807     14875    
 278.619 2897    116559   3637.01    3637.04    0.0335912   1866     14879    
 278.733 2898    116611   3637.01    3637.04    0.0335911   1785     14879    
 278.999 2898    116650   3637.01    3637.04    0.0335911   1824     14891    
 279.084 2899    116700   3637.01    3637.04    0.033591    1874     14892    
 279.235 2900    116751   3637.01    3637.04    0.0335909   1925     14896    
 279.485 2901    116813   3637.01    3637.04    0.0335908   1838     14902    
 279.657 2901    116850   3637.01    3637.04    0.0335908   1875     14911    
 279.8   2902    116900   3637.01    3637.04    0.0335908   1925     14915    
 280.236 2902    116950   3637.01    3637.04    0.0335908   1975     14941    
 280.345 2903    117005   3637.01    3637.04    0.0335905   1905     14941    
 280.968 2904    117075   3637.01    3637.04    0.0335901   1758     14952    
 281.109 2904    117100   3637.01    3637.04    0.0335901   1783     14959    
 283.435 2905    117151   3637.01    3637.04    0.0335832   1834     14971    
 283.671 2906    117221   3637.01    3637.04    0.033581    1904     14981    
 283.734 2907    117250   3637.01    3637.04    0.033581    1933     14983    
 283.999 2907    117300   3637.01    3637.04    0.0335558   1828     14993    
 284.094 2908    117350   3637.01    3637.04    0.0335264   1878     14998    
 284.327 2909    117400   3637.01    3637.04    0.0335238   1928     15008    
 284.627 2910    117465   3637.01    3637.04    0.0335238   1873     15017    
 284.781 2910    117500   3637.01    3637.04    0.0335238   1908     15022    
 285.274 2911    117550   3637.01    3637.04    0.0335237   1784     15024    
 285.344 2912    117600   3637.01    3637.04    0.0335236   1834     15026    
 285.833 2913    117699   3637.01    3637.04    0.0335236   1933     15050    
 285.843 2913    117700   3637.01    3637.04    0.0335236   1934     15050    
 286.251 2914    117773   3637.01    3637.04    0.0335235   1872     15065    
 286.312 2914    117800   3637.01    3637.04    0.0335235   1899     15067    
 286.615 2915    117863   3637.01    3637.04    0.0335216   1962     15084    
 286.971 2916    117927   3637.01    3637.04    0.0335213   1880     15096    
 289.617 2916    117950   3637.01    3637.04    0.0335213   1816     15096    
 290.343 2917    118029   3637.01    3637.04    0.0335212   1895     15121    
 290.399 2917    118050   3637.01    3637.04    0.0335212   1916     15121    
 290.8   2918    118125   3637.01    3637.04    0.0335212   1991     15142    
 290.907 2918    118150   3637.01    3637.04    0.0335212   1900     15144    
 291.085 2919    118200   3637.01    3637.04    0.0335205   1950     15148    
 291.184 2920    118250   3637.01    3637.04    0.0335194   2000     15151    
 291.397 2921    118313   3637.01    3637.04    0.0335187   2063     15158    
 291.509 2922    118361   3637.01    3637.04    0.0335145   1960     15158    
 291.593 2923    118431   3637.01    3637.04    0.0335138   2030     15158    
 291.641 2923    118450   3637.01    3637.04    0.0335138   2049     15158    
 291.892 2924    118500   3637.01    3637.04    0.0335128   2099     15165    
 292.135 2925    118557   3637.01    3637.04    0.0335104   2013     15171    
 292.245 2926    118621   3637.01    3637.04    0.0335088   2077     15174    
 292.378 2926    118650   3637.01    3637.04    0.0335088   2106     15178    
 292.502 2927    118700   3637.01    3637.04    0.0335075   2156     15182    
 295.218 2928    118750   3637.01    3637.04    0.0335026   1793     15183    
 295.326 2929    118811   3637.01    3637.04    0.0334634   1854     15190    
 295.535 2930    118863   3637.01    3637.04    0.0334618   1906     15198    
 295.809 2931    118923   3637.01    3637.04    0.0334571   1966     15208    
 296.061 2931    118950   3637.01    3637.04    0.0334571   1869     15219    
 296.421 2932    119007   3637.01    3637.04    0.0334557   1926     15233    
 296.497 2933    119067   3637.01    3637.04    0.0334545   1986     15233    
 296.624 2934    119111   3637.01    3637.04    0.0334522   2030     15237    
 296.822 2935    119165   3637.01    3637.04    0.0334446   1969     15242    
 297.062 2936    119227   3637.01    3637.04    0.0331232   2031     15253    
 297.11  2936    119250   3637.01    3637.04    0.0331232   2054     15253    
 297.192 2937    119300   3637.01    3637.04    0.0331227   2104     15253    
 297.313 2938    119353   3637.01    3637.04    0.0331225   2015     15255    
 297.592 2938    119400   3637.01    3637.04    0.0331225   2062     15273    
 297.655 2939    119450   3637.01    3637.04    0.0331223   2112     15273    
 300.426 2940    119517   3637.01    3637.04    0.0331222   1807     15279    
 300.592 2940    119550   3637.01    3637.04    0.0331222   1840     15286    
 300.723 2941    119600   3637.01    3637.04    0.033122    1890     15289    
 301.063 2942    119669   3637.01    3637.04    0.0331218   1959     15302    
 301.266 2943    119700   3637.01    3637.04    0.0331218   1867     15308    
 301.327 2943    119750   3637.01    3637.04    0.0331217   1917     15308    
 301.42  2944    119800   3637.01    3637.04    0.0331216   1967     15309    
 301.516 2945    119850   3637.01    3637.04    0.0331215   2017     15310    
 301.813 2946    119903   3637.01    3637.04    0.0331215   1927     15317    
 302.066 2947    119975   3637.01    3637.04    0.0331213   1999     15330    
 302.129 2947    120000   3637.01    3637.04    0.0331213   2024     15332    
 302.75  2948    120050   3637.01    3637.04    0.0331212   1812     15340    
 302.867 2949    120109   3637.01    3637.04    0.0331212   1871     15342    
 303.093 2950    120177   3637.01    3637.04    0.0331208   1939     15352    
 303.155 2950    120200   3637.01    3637.04    0.0331208   1962     15352    
 303.4   2951    120250   3637.01    3637.04    0.0331203   1849     15358    
 306.14  2952    120319   3637.01    3637.04    0.0331201   1918     15376    
 306.344 2952    120350   3637.01    3637.04    0.0331201   1949     15385    
 306.488 2953    120400   3637.01    3637.04    0.0331199   1999     15391    
 307.009 2954    120450   3637.01    3637.04    0.0331193   1816     15392    
 307.562 2954    120500   3637.01    3637.04    0.0331193   1866     15418    
 307.726 2955    120567   3637.01    3637.04    0.0331193   1933     15423    
 307.813 2955    120600   3637.01    3637.04    0.0331193   1966     15426    
 307.912 2956    120650   3637.01    3637.04    0.0331193   1894     15426    
 308.171 2957    120705   3637.01    3637.04    0.0331173   1949     15442    
 308.344 2958    120771   3637.01    3637.04    0.0331163   2015     15447    
 308.441 2959    120817   3637.01    3637.04    0.0331153   2061     15449    
 308.706 2959    120850   3637.01    3637.04    0.0331153   1942     15460    
 308.959 2960    120903   3637.01    3637.04    0.0331146   1995     15469    
 309.312 2960    120950   3637.01    3637.04    0.0331146   2042     15491    
 309.43  2961    121003   3637.01    3637.04    0.0331139   2095     15493    
 309.808 2962    121081   3637.01    3637.04    0.0331135   2030     15505    
 309.863 2962    121100   3637.01    3637.04    0.0331135   2049     15505    
 312.734 2963    121150   3637.01    3637.04    0.0331128   1833     15510    
 313.081 2964    121215   3637.01    3637.04    0.0331116   1898     15520    
 313.158 2965    121275   3637.01    3637.04    0.0331116   1958     15521    
 313.212 2965    121300   3637.01    3637.04    0.0331116   1983     15521    
 313.475 2966    121351   3637.01    3637.04    0.0331116   1875     15528    
 313.788 2967    121433   3637.01    3637.04    0.0331116   1957     15539    
 313.832 2967    121450   3637.01    3637.04    0.0331116   1974     15539    
 313.981 2968    121500   3637.01    3637.04    0.0331115   2024     15542    
 314.154 2969    121561   3637.01    3637.04    0.0331115   1927     15547    
 314.312 2970    121617   3637.01    3637.04    0.0331115   1983     15551    
 314.375 2971    121650   3637.01    3637.04    0.0331115   2016     15553    
 314.451 2971    121700   3637.01    3637.04    0.0331114   2066     15553    
 314.767 2972    121763   3637.01    3637.04    0.0331114   1979     15564    
 315.381 2973    121831   3637.01    3637.04    0.0331114   1837     15569    
 315.424 2973    121850   3637.01    3637.04    0.0331114   1856     15569    
 315.657 2974    121903   3637.01    3637.04    0.0331114   1909     15577    
 318.135 2975    121991   3637.01    3637.04    0.0331114   1997     15590    
 318.178 2975    122000   3637.01    3637.04    0.0331114   2006     15590    
 318.474 2976    122075   3637.01    3637.04    0.0331114   1947     15599    
 318.525 2976    122100   3637.01    3637.04    0.0331114   1972     15599    
 318.723 2977    122155   3637.01    3637.04    0.0331114   2027     15609    
 319.047 2978    122229   3637.01    3637.04    0.0331113   1940     15622    
 319.097 2978    122250   3637.01    3637.04    0.0331113   1961     15622    
 319.806 2979    122303   3637.01    3637.04    0.0331109   1851     15634    
 320.03  2980    122361   3637.01    3637.04    0.0331104   1909     15642    
 320.156 2981    122423   3637.01    3637.04    0.0331104   1971     15645    
 320.231 2981    122450   3637.01    3637.04    0.0331104   1998     15648    
 320.368 2982    122500   3637.01    3637.04    0.0331103   1897     15651    
 320.574 2983    122550   3637.01    3637.04    0.0331102   1947     15657    
 320.719 2984    122609   3637.01    3637.04    0.0331101   2006     15662    
 320.878 2985    122663   3637.01    3637.04    0.0331099   2060     15667    
 321.103 2986    122711   3637.01    3637.04    0.0331078   1965     15673    
 321.284 2986    122750   3637.01    3637.04    0.0331078   2004     15681    
 321.428 2987    122800   3637.01    3637.04    0.0331078   2054     15684    
 324.428 2987    122850   3637.01    3637.04    0.0331078   1875     15704    
 324.523 2988    122907   3637.01    3637.04    0.0331078   1932     15705    
 324.734 2989    122967   3637.01    3637.04    0.0331077   1992     15711    
 324.9   2989    123000   3637.01    3637.04    0.0331077   2025     15719    
 325.187 2990    123059   3637.01    3637.04    0.0331076   1954     15731    
 325.556 2991    123139   3637.01    3637.04    0.0331076   2034     15744    
 325.593 2991    123150   3637.01    3637.04    0.0331076   2045     15744    
 325.812 2992    123207   3637.01    3637.04    0.0331076   2102     15752    
 326.229 2993    123289   3637.01    3637.04    0.0331075   2025     15766    
 326.264 2993    123300   3637.01    3637.04    0.0331075   2036     15766    
 326.541 2994    123357   3637.01    3637.04    0.0331075   2093     15774    
 326.935 2994    123400   3637.01    3637.04    0.0331075   2136     15792    
 327.265 2995    123467   3637.01    3637.04    0.0331074   2203     15803    
 327.455 2996    123527   3637.01    3637.04    0.0331074   2126     15806    
 327.97  2996    123550   3637.01    3637.04    0.0331074   1909     15806    
 328.056 2997    123600   3637.01    3637.04    0.0331073   1959     15807    
 330.405 2998    123655   3637.01    3637.04    0.0331073   2014     15808    
 330.808 2999    123741   3637.01    3637.04    0.0331073   1927     15825    
 330.843 2999    123750   3637.01    3637.04    0.0331073   1936     15825    
 331.265 3000    123831   3637.01    3637.04    0.0331071   2017     15841    
 331.311 3000    123850   3637.01    3637.04    0.0331071   2036     15841    
 331.891 3001    123921   3637.01    3637.04    0.0331045   2107     15862    
 332.547 3002    123977   3637.01    3637.04    0.0331038   1922     15867    
 332.718 3002    124000   3637.01    3637.04    0.0331038   1945     15873    
 332.875 3003    124050   3637.01    3637.04    0.0331028   1995     15876    
 333.248 3004    124121   3637.01    3637.04    0.0330968   2066     15892    
 333.625 3005    124175   3637.01    3637.04    0.0330919   1971     15904    
 333.677 3005    124200   3637.01    3637.04    0.0330919   1996     15904    
 333.769 3006    124250   3637.01    3637.04    0.0330918   2046     15905    
 334.375 3007    124341   3637.01    3637.04    0.0330918   2137     15936    
 334.416 3007    124350   3637.01    3637.04    0.0330918   2146     15936    
 334.538 3008    124400   3637.01    3637.04    0.0330917   2019     15937    
 337.936 3009    124487   3637.01    3637.04    0.0330917   1937     15957    
 337.972 3009    124500   3637.01    3637.04    0.0330917   1950     15957    
 338.173 3010    124550   3637.01    3637.04    0.0330916   2000     15962    
 338.962 3011    124647   3637.01    3637.04    0.0330912   2097     15984    
 338.996 3011    124650   3637.01    3637.04    0.0330912   2100     15984    
 339.198 3012    124700   3637.01    3637.04    0.0330775   2005     15988    
 339.405 3013    124750   3637.01    3637.04    0.0330718   2055     15994    
 339.515 3014    124800   3637.01    3637.04    0.0330516   2105     15995    
 339.649 3016    124855   3637.01    3637.04    0.0330128   2160     15998    
 339.794 3017    124905   3637.01    3637.04    0.0330049   2044     16001    
 339.875 3018    124950   3637.01    3637.04    0.0329957   2089     16001    
 340.076 3019    125003   3637.01    3637.04    0.0329786   2142     16009    
 340.421 3020    125073   3637.01    3637.04    0.0329757   2212     16021    
 340.485 3021    125100   3637.01    3637.04    0.0329578   2239     16022    
 340.762 3022    125165   3637.01    3637.04    0.0329561   2168     16027    
 341.199 3023    125200   3637.01    3637.04    0.0329561   2203     16042    
 341.287 3023    125250   3637.01    3637.04    0.0329547   2253     16042    
 341.432 3024    125301   3637.01    3637.04    0.0329536   2304     16046    
 344.753 3025    125350   3637.01    3637.04    0.0329447   1936     16046    
 345.163 3026    125405   3637.01    3637.04    0.0329333   1991     16061    
 345.312 3027    125453   3637.01    3637.04    0.0329098   2039     16069    
 345.766 3027    125500   3637.01    3637.04    0.0329098   2086     16092    
 346.156 3028    125581   3637.01    3637.04    0.032909    2051     16108    
 346.264 3028    125600   3637.01    3637.04    0.032909    2070     16111    
 346.438 3030    125663   3637.01    3637.04    0.0328995   2133     16113    
 346.504 3031    125700   3637.01    3637.04    0.0327775   2170     16113    
 346.578 3032    125750   3637.01    3637.04    0.0327655   2220     16113    
 346.864 3033    125800   3637.01    3637.04    0.0327499   2118     16120    
 346.987 3034    125850   3637.01    3637.04    0.032464    2168     16125    
 347.249 3036    125909   3637.01    3637.04    0.0324313   2227     16135    
 347.937 3037    125950   3637.01    3637.04    0.032407    1942     16139    
 348.031 3038    126000   3637.01    3637.04    0.0323878   1992     16140    
 348.312 3039    126050   3637.01    3637.04    0.0323864   2042     16150    
 348.905 3040    126129   3637.01    3637.04    0.0323826   2121     16168    
 349.04  3040    126150   3637.01    3637.04    0.0323826   2017     16170    
 351.903 3042    126217   3637.01    3637.04    0.0323729   2084     16180    
 352.333 3043    126269   3637.01    3637.04    0.0323351   2136     16197    
 353.185 3043    126300   3637.01    3637.04    0.0323351   1955     16216    
 353.536 3044    126371   3637.01    3637.04    0.0323299   2026     16235    
 353.952 3045    126400   3637.01    3637.04    0.0323299   2055     16256    
 354.032 3046    126451   3637.01    3637.04    0.0321787   2106     16256    
 354.172 3047    126511   3637.01    3637.04    0.032167    1997     16259    
 354.256 3048    126569   3637.01    3637.04    0.0321589   2055     16260    
 354.343 3049    126623   3637.01    3637.04    0.0321547   2109     16262    
 354.407 3049    126650   3637.01    3637.04    0.0321547   2136     16264    
 354.499 3050    126700   3637.01    3637.04    0.0321447   2186     16265    
 354.599 3051    126750   3637.01    3637.04    0.0321426   2019     16266    
 354.728 3052    126803   3637.01    3637.04    0.0321383   2072     16277    
 354.857 3053    126867   3637.01    3637.04    0.0321352   2136     16285    
 354.972 3054    126921   3637.01    3637.04    0.0321338   2190     16290    
 355.087 3055    126961   3637.01    3637.04    0.0321306   2044     16291    
 355.146 3056    127001   3637.01    3637.04    0.0316333   2084     16291    
 358.312 3057    127067   3637.01    3637.04    0.0316321   1963     16305    
 358.423 3058    127127   3637.01    3637.04    0.0316319   2023     16306    
 358.504 3058    127150   3637.01    3637.04    0.0316319   2046     16309    
 358.621 3059    127200   3637.01    3637.04    0.0316318   2096     16311    
 358.75  3060    127250   3637.01    3637.04    0.0316255   2146     16316    
 358.909 3061    127300   3637.01    3637.04    0.031553    2017     16321    
 359.021 3062    127350   3637.01    3637.04    0.0315197   2067     16326    
 359.247 3063    127400   3637.01    3637.04    0.03151     2117     16337    
 359.604 3064    127450   3637.01    3637.04    0.0315035   2167     16350    
 359.898 3065    127500   3637.01    3637.04    0.0314807   2079     16357    
 360.101 3066    127550   3637.01    3637.04    0.0314538   2129     16365    
 360.358 3067    127600   3637.01    3637.04    0.0314529   2179     16373    
 360.422 3068    127650   3637.01    3637.04    0.031438    2229     16373    
 360.889 3069    127731   3637.01    3637.04    0.0314336   2180     16394    
 361.053 3069    127750   3637.01    3637.04    0.0314336   2199     16403    
 361.219 3070    127800   3637.01    3637.04    0.0313779   2249     16411    
 361.55  3071    127850   3637.01    3637.04    0.03137     2299     16427    
 361.713 3073    127901   3637.01    3637.04    0.030549    2171     16431    
 364.936 3074    127950   3637.01    3637.04    0.0305185   1959     16431    
 365.016 3075    128000   3637.01    3637.04    0.0304445   2009     16431    
 365.355 3076    128050   3637.01    3637.04    0.0303888   2059     16441    
 365.497 3078    128119   3637.01    3637.04    0.0302254   2128     16445    
 365.61  3079    128165   3637.01    3637.04    0.0301866   1991     16445    
 365.701 3080    128213   3637.01    3637.04    0.0301476   2039     16445    
 366.002 3082    128250   3637.01    3637.04    0.0300917   2076     16454    
 366.086 3083    128301   3637.01    3637.04    0.0296699   2127     16454    
 366.163 3084    128350   3637.01    3637.04    0.0296348   2176     16454    
 366.593 3085    128413   3637.01    3637.04    0.0296337   2071     16467    
 366.774 3086    128459   3637.01    3637.04    0.0296312   2117     16470    
 367.036 3087    128507   3637.01    3637.04    0.0296204   2165     16480    
 367.204 3088    128550   3637.01    3637.04    0.0295932   2208     16485    
 367.314 3089    128600   3637.01    3637.04    0.0295718   2098     16485    
 367.395 3091    128650   3637.01    3637.04    0.029137    2148     16485    
 367.484 3092    128700   3637.01    3637.04    0.0291213   2198     16485    
 368.391 3093    128759   3637.01    3637.04    0.0291209   1976     16496    
 368.456 3094    128800   3637.01    3637.04    0.0290971   2017     16496    
 371.28  3095    128867   3637.01    3637.04    0.0290647   2084     16518    
 371.409 3096    128919   3637.01    3637.04    0.0290522   2136     16523    
 371.688 3097    128967   3637.01    3637.04    0.0290278   2040     16534    
 371.785 3097    129000   3637.01    3637.04    0.0290278   2073     16536    
 372.077 3098    129055   3637.01    3637.04    0.0290272   2128     16546    
 372.438 3099    129131   3637.01    3637.04    0.0290269   2204     16561    
 372.483 3099    129150   3637.01    3637.04    0.0290269   2223     16561    
 372.734 3100    129205   3637.01    3637.04    0.0290267   2126     16571    
 372.908 3101    129263   3637.01    3637.04    0.0290249   2184     16576    
 373.017 3102    129321   3637.01    3637.04    0.0290248   2242     16577    
 373.063 3102    129350   3637.01    3637.04    0.0290248   2271     16577    
 374.25  3103    129429   3637.01    3637.04    0.0290248   1970     16601    
 374.298 3103    129450   3637.01    3637.04    0.0290248   1991     16601    
 374.474 3104    129500   3637.01    3637.04    0.0290247   2041     16606    
 374.593 3105    129550   3637.01    3637.04    0.0290247   2091     16608    
 375.063 3105    129600   3637.01    3637.04    0.0290247   2141     16631    
 375.266 3106    129661   3637.01    3637.04    0.0290246   2023     16635    
 377.906 3106    129700   3637.01    3637.04    0.0290246   2062     16646    
 378.062 3107    129753   3637.01    3637.04    0.0290246   2115     16652    
 378.171 3108    129811   3637.01    3637.04    0.0290246   2173     16654    
 378.438 3109    129887   3637.01    3637.04    0.0290246   2061     16660    
 378.483 3109    129900   3637.01    3637.04    0.0290246   2074     16660    
 378.629 3110    129953   3637.01    3637.04    0.0290246   2127     16663    
 378.843 3111    130019   3637.01    3637.04    0.0290246   2193     16668    
 379.046 3111    130050   3637.01    3637.04    0.0290246   2224     16677    
 379.843 3112    130103   3637.01    3637.04    0.0290243   1984     16687    
 380.012 3113    130165   3637.01    3637.04    0.0290232   2046     16691    
 380.077 3113    130200   3637.01    3637.04    0.0290232   2081     16691    
 380.155 3114    130250   3637.01    3637.04    0.0290232   2131     16692    
 380.296 3115    130311   3637.01    3637.04    0.0290232   2035     16693    
 380.458 3116    130375   3637.01    3637.04    0.0290232   2099     16699    
 380.5   3116    130400   3637.01    3637.04    0.0290232   2124     16699    
 380.734 3117    130450   3637.01    3637.04    0.0290232   2174     16707    
 381.343 3118    130555   3637.01    3637.04    0.0290231   2103     16730    
 381.389 3118    130556   3637.01    3637.04    0.0290231   2104     16730    
 383.968 3119    130631   3637.01    3637.04    0.0290231   2179     16730    
 384.015 3119    130650   3637.01    3637.04    0.0290231   2198     16730    
 384.78  3120    130711   3637.01    3637.04    0.0290231   1979     16736    
 385.001 3121    130785   3637.01    3637.04    0.0290231   2053     16747    
 385.051 3121    130800   3637.01    3637.04    0.0290231   2068     16747    
 385.14  3122    130867   3637.01    3637.04    0.0290231   2135     16747    
 385.203 3122    130900   3637.01    3637.04    0.0290231   2168     16748    
 385.312 3123    130950   3637.01    3637.04    0.0290231   2023     16748    
 385.627 3124    131007   3637.01    3637.04    0.0290231   2080     16757    
 385.842 3124    131050   3637.01    3637.04    0.0290231   2123     16767    
 385.941 3125    131100   3637.01    3637.04    0.0290231   2173     16768    
 386.093 3126    131159   3637.01    3637.04    0.029023    2047     16771    
 386.204 3127    131229   3637.01    3637.04    0.029023    2117     16772    
 386.261 3127    131250   3637.01    3637.04    0.029023    2138     16772    
 386.405 3128    131300   3637.01    3637.04    0.029023    2188     16778    
 386.897 3129    131387   3637.01    3637.04    0.0290229   2088     16794    
 386.921 3129    131400   3637.01    3637.04    0.0290229   2101     16794    
 390.395 3130    131479   3637.01    3637.04    0.0290229   1957     16812    
 390.437 3130    131500   3637.01    3637.04    0.0290229   1978     16812    
 390.661 3131    131563   3637.01    3637.04    0.0290229   2041     16822    
 390.954 3132    131635   3637.01    3637.04    0.0290229   2113     16830    
 390.983 3132    131650   3637.01    3637.04    0.0290229   2128     16830    
 391.109 3133    131700   3637.01    3637.04    0.0290229   1975     16831    
 391.421 3134    131777   3637.01    3637.04    0.0290229   2052     16841    
 391.469 3134    131800   3637.01    3637.04    0.0290229   2075     16841    
 391.546 3135    131850   3637.01    3637.04    0.0290228   2125     16841    
 391.65  3136    131900   3637.01    3637.04    0.0290119   2028     16841    
 392.017 3138    131971   3637.01    3637.04    0.0289672   2099     16852    
 392.39  3138    132000   3637.01    3637.04    0.0289672   2128     16867    
 392.585 3139    132050   3637.01    3637.04    0.0289634   2178     16869    
 393.11  3140    132100   3637.01    3637.04    0.0289581   2093     16884    
 393.406 3141    132173   3637.01    3637.04    0.028955    2166     16893    
 393.563 3142    132223   3637.01    3637.04    0.0288887   2216     16899    
 393.641 3142    132250   3637.01    3637.04    0.0288887   2243     16900    
 393.734 3143    132300   3637.01    3637.04    0.0288885   2293     16901    
 394.001 3144    132350   3637.01    3637.04    0.028888    2187     16907    
 397.197 3145    132400   3637.01    3637.04    0.028888    1959     16909    
 397.29  3146    132455   3637.01    3637.04    0.0288879   2014     16910    
 397.781 3147    132543   3637.01    3637.04    0.0288878   2102     16926    
 397.813 3147    132550   3637.01    3637.04    0.0288878   2109     16926    
 398.016 3148    132607   3637.01    3637.04    0.0288877   1986     16929    
 398.265 3149    132675   3637.01    3637.04    0.0288877   2054     16936    
 398.343 3150    132723   3637.01    3637.04    0.0288876   2102     16937    
 398.452 3150    132750   3637.01    3637.04    0.0288876   2129     16939    
 398.813 3151    132805   3637.01    3637.04    0.0288876   2184     16952    
 399.219 3151    132850   3637.01    3637.04    0.0288876   2082     16975    
 399.328 3152    132901   3637.01    3637.04    0.0288871   2133     16977    
 399.583 3153    132961   3637.01    3637.04    0.0288869   2193     16984    
 399.765 3154    133023   3637.01    3637.04    0.0288865   2102     16988    
 399.824 3154    133050   3637.01    3637.04    0.0288865   2129     16988    
 399.969 3155    133100   3637.01    3637.04    0.0288862   2179     16992    
 400.069 3156    133150   3637.01    3637.04    0.0288862   2229     16993    
 401.351 3156    133200   3637.01    3637.04    0.0288862   1977     17029    
 401.562 3157    133273   3637.01    3637.04    0.0288851   2050     17035    
 404.171 3157    133300   3637.01    3637.04    0.0288851   2077     17035    
 404.411 3158    133350   3637.01    3637.04    0.0288848   2127     17042    
 404.836 3159    133423   3637.01    3637.04    0.0288846   2052     17055    
 404.917 3159    133450   3637.01    3637.04    0.0288846   2079     17057    
 406.11  3160    133531   3637.01    3637.04    0.0288845   1991     17083    
 406.156 3160    133550   3637.01    3637.04    0.0288845   2010     17083    
 406.474 3161    133601   3637.01    3637.04    0.0288841   2061     17094    
 406.843 3162    133671   3637.01    3637.04    0.0288838   2131     17107    
 406.962 3162    133700   3637.01    3637.04    0.0288838   2160     17110    
 407.187 3163    133750   3637.01    3637.04    0.0288836   2052     17115    
 407.334 3164    133807   3637.01    3637.04    0.0288835   2109     17121    
 407.597 3165    133861   3637.01    3637.04    0.0288831   2163     17129    
 407.718 3166    133923   3637.01    3637.04    0.028883    2225     17130    
 407.815 3166    133950   3637.01    3637.04    0.028883    2087     17131    
 407.899 3167    134000   3637.01    3637.04    0.0288829   2137     17131    
 407.969 3168    134050   3637.01    3637.04    0.0288826   2187     17131    
 408.421 3169    134115   3637.01    3637.04    0.0288815   2252     17150    
 408.63  3169    134150   3637.01    3637.04    0.0288815   2287     17159    
 412.253 3170    134225   3637.01    3637.04    0.0288815   1978     17178    
 412.318 3170    134250   3637.01    3637.04    0.0288815   2003     17178    
 412.484 3171    134300   3637.01    3637.04    0.0288814   2053     17182    
 412.793 3172    134377   3637.01    3637.04    0.0288814   2130     17197    
 412.843 3172    134400   3637.01    3637.04    0.0288814   2153     17197    
 413.262 3173    134465   3637.01    3637.04    0.0288813   2056     17214    
 413.328 3174    134519   3637.01    3637.04    0.0288796   2110     17214    
 413.575 3175    134550   3637.01    3637.04    0.0288796   2141     17223    
 413.655 3175    134600   3637.01    3637.04    0.0288793   2191     17223    
 413.882 3176    134650   3637.01    3637.04    0.0288791   2241     17230    
 414.234 3177    134700   3637.01    3637.04    0.0288786   2124     17239    
 414.746 3178    134769   3637.01    3637.04    0.0288783   2193     17256    
 414.949 3178    134800   3637.01    3637.04    0.0288783   2224     17264    
 415.188 3179    134850   3637.01    3637.04    0.0288761   2274     17271    
 415.594 3180    134925   3637.01    3637.04    0.0288758   2169     17281    
 415.641 3180    134950   3637.01    3637.04    0.0288758   2194     17281    
 415.79  3181    135000   3637.01    3637.04    0.0288708   2244     17283    
 416.169 3182    135050   3637.01    3637.04    0.0288706   2294     17294    
 416.472 3183    135113   3637.01    3637.04    0.0288706   2357     17302    
 420.124 3184    135175   3637.01    3637.04    0.0288705   2008     17305    
 420.17  3184    135200   3637.01    3637.04    0.0288705   2033     17305    
 420.783 3185    135293   3637.01    3637.04    0.0288704   2126     17335    
 420.827 3185    135300   3637.01    3637.04    0.0288704   2133     17335    
 420.913 3186    135350   3637.01    3637.04    0.0288703   2183     17336    
 421.198 3187    135411   3637.01    3637.04    0.0288702   2079     17346    
 421.585 3188    135481   3637.01    3637.04    0.0288701   2149     17360    
 421.625 3188    135500   3637.01    3637.04    0.0288701   2168     17360    
 421.801 3189    135550   3637.01    3637.04    0.02887     2218     17364    
 422.073 3190    135600   3637.01    3637.04    0.0288696   2103     17374    
 423.14  3191    135691   3637.01    3637.04    0.0288695   2034     17398    
 423.192 3191    135700   3637.01    3637.04    0.0288695   2043     17398    
 423.667 3192    135771   3637.01    3637.04    0.0288687   2114     17419    
 423.766 3192    135800   3637.01    3637.04    0.0288687   2143     17422    
 423.953 3193    135850   3637.01    3637.04    0.028868    2193     17428    
 424.22  3194    135903   3637.01    3637.04    0.0288679   2114     17437    
 424.491 3195    135977   3637.01    3637.04    0.0288678   2188     17445    
 424.544 3195    136000   3637.01    3637.04    0.0288678   2211     17445    
 424.844 3196    136055   3637.01    3637.04    0.0288678   2266     17458    
 428.827 3197    136121   3637.01    3637.04    0.0288677   2058     17467    
 429.014 3197    136150   3637.01    3637.04    0.0288677   2087     17473    
 429.14  3198    136200   3637.01    3637.04    0.0288673   2137     17475    
 429.218 3199    136255   3637.01    3637.04    0.0288672   2192     17475    
 429.53  3199    136300   3637.01    3637.04    0.0288672   2237     17490    
 429.734 3200    136363   3637.01    3637.04    0.0288671   2112     17498    
 429.876 3201    136433   3637.01    3637.04    0.0288671   2182     17500    
 429.921 3201    136450   3637.01    3637.04    0.0288671   2199     17500    
 430.031 3202    136500   3637.01    3637.04    0.0288671   2249     17502    
 430.203 3203    136551   3637.01    3637.04    0.028867    2300     17506    
 430.418 3204    136605   3637.01    3637.04    0.0288669   2181     17512    
 430.812 3205    136691   3637.01    3637.04    0.0288669   2267     17525    
 430.86  3205    136700   3637.01    3637.04    0.0288669   2276     17525    
 431.124 3206    136767   3637.01    3637.04    0.0288669   2343     17535    
 431.314 3206    136800   3637.01    3637.04    0.0288669   2192     17540    
 431.523 3207    136850   3637.01    3637.04    0.0288669   2242     17546    
 431.62  3208    136913   3637.01    3637.04    0.0288668   2305     17546    
 431.825 3209    136983   3637.01    3637.04    0.0288668   2375     17551    
 431.86  3209    137000   3637.01    3637.04    0.0288668   2392     17551    
 432.208 3210    137061   3637.01    3637.04    0.0288667   2303     17559    
 435.79  3211    137129   3637.01    3637.04    0.0288667   2092     17564    
 435.843 3211    137150   3637.01    3637.04    0.0288667   2113     17564    
 436.281 3212    137225   3637.01    3637.04    0.0288667   2188     17584    
 436.344 3212    137250   3637.01    3637.04    0.0288667   2213     17584    
 436.516 3213    137300   3637.01    3637.04    0.0288667   2263     17587    
 436.641 3214    137350   3637.01    3637.04    0.0288667   2137     17588    
 436.718 3215    137400   3637.01    3637.04    0.0288661   2187     17588    
 436.937 3216    137461   3637.01    3637.04    0.0288661   2248     17593    
 437.22  3217    137535   3637.01    3637.04    0.0288661   2322     17603    
 437.264 3217    137550   3637.01    3637.04    0.0288661   2337     17603    
 437.454 3218    137601   3637.01    3637.04    0.0288659   2196     17606    
 437.708 3219    137671   3637.01    3637.04    0.0288659   2266     17614    
 437.813 3219    137700   3637.01    3637.04    0.0288659   2295     17618    
 438.032 3220    137750   3637.01    3637.04    0.0288658   2345     17625    
 438.531 3221    137851   3637.01    3637.04    0.0288558   2289     17650    
 438.573 3221    137852   3637.01    3637.04    0.0288558   2290     17650    
 438.703 3222    137915   3637.01    3637.04    0.0288546   2353     17653    
 438.811 3223    137973   3637.01    3637.04    0.0288544   2411     17655    
 442.389 3224    138025   3637.01    3637.04    0.0288542   2114     17656    
 442.437 3224    138050   3637.01    3637.04    0.0288542   2139     17656    
 442.718 3225    138100   3637.01    3637.04    0.0288537   2189     17664    
 442.891 3226    138150   3637.01    3637.04    0.0288489   2239     17668    
 443.453 3227    138225   3637.01    3637.04    0.0288389   2314     17691    
 443.702 3228    138267   3637.01    3637.04    0.0288293   2217     17698    
 443.953 3228    138300   3637.01    3637.04    0.0288293   2250     17706    
 444.467 3229    138385   3637.01    3637.04    0.0288292   2335     17731    
 444.499 3229    138400   3637.01    3637.04    0.0288292   2350     17731    
 444.687 3230    138450   3637.01    3637.04    0.028829    2400     17738    
 445.155 3231    138533   3637.01    3637.04    0.0288289   2343     17757    
 445.202 3231    138550   3637.01    3637.04    0.0288289   2360     17757    
 445.335 3232    138603   3637.01    3637.04    0.0288282   2413     17759    
 445.423 3234    138651   3637.01    3637.04    0.0287177   2461     17760    
 446.425 3235    138700   3637.01    3637.04    0.0284946   2165     17772    
 446.922 3236    138755   3637.01    3637.04    0.0284863   2220     17789    
 447.184 3237    138833   3637.01    3637.04    0.0284786   2298     17799    
 447.343 3237    138850   3637.01    3637.04    0.0284786   2315     17808    
 447.649 3238    138900   3637.01    3637.04    0.028444    2365     17818    
 447.938 3239    138950   3637.01    3637.04    0.0284031   2269     17826    
 451.11  3240    139000   3637.01    3637.04    0.02839     2319     17837    
 451.976 3241    139050   3637.01    3637.04    0.0283798   2203     17848    
 452.234 3243    139105   3637.01    3637.04    0.0282231   2258     17857    
 452.468 3245    139151   3637.01    3637.04    0.0280779   2304     17864    
 452.691 3246    139200   3637.01    3637.04    0.0280721   2353     17873    
 453.121 3247    139259   3637.01    3637.04    0.0280577   2412     17888    
 453.615 3248    139325   3637.01    3637.04    0.0280406   2338     17909    
 453.7   3249    139351   3637.01    3637.04    0.0279865   2364     17910    
 453.844 3250    139400   3637.01    3637.04    0.0278828   2413     17914    
 453.922 3251    139450   3637.01    3637.04    0.0278684   2463     17914    
 454.047 3252    139505   3637.01    3637.04    0.0278652   2360     17914    
 454.129 3253    139551   3637.01    3637.04    0.0278096   2406     17914    
 454.34  3254    139600   3637.01    3637.04    0.0278029   2455     17923    
 454.483 3255    139650   3637.01    3637.04    0.0277583   2505     17928    
 454.687 3256    139700   3637.01    3637.04    0.0277521   2555     17933    
 455.281 3257    139761   3637.01    3637.04    0.0277497   2430     17951    
 455.686 3258    139817   3637.01    3637.04    0.0277435   2486     17967    
 455.788 3259    139863   3637.01    3637.04    0.0277401   2532     17968    
 456.023 3260    139917   3637.01    3637.04    0.0277349   2586     17977    
 459.996 3261    139967   3637.01    3637.04    0.0277308   2311     17977    
 460.096 3262    140029   3637.01    3637.04    0.0277299   2373     17977    
 460.141 3262    140050   3637.01    3637.04    0.0277299   2394     17977    
 460.563 3263    140113   3637.01    3637.04    0.0277296   2457     17992    
 460.857 3264    140183   3637.01    3637.04    0.0277296   2527     18003    
 460.946 3264    140200   3637.01    3637.04    0.0277296   2390     18003    
 461.181 3265    140251   3637.01    3637.04    0.0277294   2441     18009    
 461.259 3266    140300   3637.01    3637.04    0.0277136   2490     18009    
 461.754 3267    140350   3637.01    3637.04    0.0276208   2540     18033    
 461.982 3268    140400   3637.01    3637.04    0.0275891   2590     18042    
 462.219 3269    140450   3637.01    3637.04    0.0275835   2447     18047    
 462.31  3270    140500   3637.01    3637.04    0.0275763   2497     18047    
 462.383 3271    140550   3637.01    3637.04    0.0275695   2547     18047    
 462.563 3272    140600   3637.01    3637.04    0.0275654   2597     18051    
 462.972 3273    140673   3637.01    3637.04    0.0275637   2670     18073    
 463.092 3274    140717   3637.01    3637.04    0.0275247   2520     18073    
 463.344 3275    140757   3637.01    3637.04    0.027399    2560     18081    
 463.46  3276    140800   3637.01    3637.04    0.0273886   2603     18082    
 464.343 3277    140897   3637.01    3637.04    0.0273815   2700     18121    
 464.375 3277    140900   3637.01    3637.04    0.0273815   2703     18121    
 468.329 3278    140950   3637.01    3637.04    0.0273721   2405     18125    
 468.413 3279    141000   3637.01    3637.04    0.0273697   2455     18125    
 468.697 3280    141050   3637.01    3637.04    0.0273662   2505     18134    
 468.946 3281    141100   3637.01    3637.04    0.0273633   2555     18144    
 469.256 3282    141150   3637.01    3637.04    0.0273428   2605     18160    
 469.527 3283    141200   3637.01    3637.04    0.0273116   2501     18168    
 469.609 3284    141250   3637.01    3637.04    0.0273095   2551     18168    
 469.673 3285    141300   3637.01    3637.04    0.0273093   2601     18168    
 469.942 3286    141357   3637.01    3637.04    0.0273092   2658     18177    
 470.265 3287    141400   3637.01    3637.04    0.0273092   2701     18193    
 470.4   3287    141450   3637.01    3637.04    0.0273092   2544     18193    
 470.628 3288    141511   3637.01    3637.04    0.0273088   2605     18203    
 470.754 3289    141563   3637.01    3637.04    0.0272941   2657     18205    
 470.86  3290    141600   3637.01    3637.04    0.0270744   2694     18207    
 471.114 3291    141650   3637.01    3637.04    0.0270737   2744     18216    
 471.703 3292    141737   3637.01    3637.04    0.0270736   2606     18236    
 471.735 3292    141750   3637.01    3637.04    0.0270736   2619     18236    
 471.998 3293    141811   3637.01    3637.04    0.0270736   2680     18244    
 472.109 3294    141865   3637.01    3637.04    0.0270736   2734     18245    
 472.352 3295    141929   3637.01    3637.04    0.0270735   2798     18253    
 476.297 3295    141950   3637.01    3637.04    0.0270735   2426     18255    
 476.812 3296    142015   3637.01    3637.04    0.0270727   2491     18276    
 477.094 3296    142050   3637.01    3637.04    0.0270727   2526     18286    
 477.281 3297    142100   3637.01    3637.04    0.0270726   2576     18291    
 477.621 3298    142175   3637.01    3637.04    0.0270726   2651     18304    
 477.735 3298    142200   3637.01    3637.04    0.0270726   2508     18306    
 478.121 3299    142267   3637.01    3637.04    0.0270725   2575     18326    
 478.343 3299    142300   3637.01    3637.04    0.0270725   2608     18335    
 478.471 3300    142350   3637.01    3637.04    0.0270723   2658     18337    
 478.703 3301    142413   3637.01    3637.04    0.0270723   2721     18345    
 479.054 3302    142475   3637.01    3637.04    0.0270722   2586     18354    
 479.154 3302    142500   3637.01    3637.04    0.0270722   2611     18356    
 479.61  3303    142565   3637.01    3637.04    0.0270719   2676     18375    
 479.898 3304    142623   3637.01    3637.04    0.0270716   2734     18383    
 480.162 3304    142650   3637.01    3637.04    0.0270716   2761     18391    
 480.639 3305    142707   3637.01    3637.04    0.0270714   2632     18405    
 480.813 3306    142777   3637.01    3637.04    0.027071    2702     18411    
 480.878 3306    142800   3637.01    3637.04    0.027071    2725     18411    
 481.076 3307    142850   3637.01    3637.04    0.0270708   2775     18415    
 481.971 3308    142900   3637.01    3637.04    0.0270702   2554     18417    
 485.671 3309    142961   3637.01    3637.04    0.0270702   2615     18429    
 485.786 3310    143011   3637.01    3637.04    0.0270701   2665     18432    
 485.973 3311    143061   3637.01    3637.04    0.0270698   2715     18435    
 486.234 3312    143123   3637.01    3637.04    0.0270698   2777     18441    
 486.516 3312    143150   3637.01    3637.04    0.0270698   2804     18449    
 486.866 3313    143201   3637.01    3637.04    0.0270697   2660     18460    
 487.116 3314    143257   3637.01    3637.04    0.0270696   2716     18466    
 487.282 3315    143321   3637.01    3637.04    0.0270696   2780     18470    
 487.529 3315    143350   3637.01    3637.04    0.0270696   2809     18480    
 487.813 3316    143400   3637.01    3637.04    0.0270695   2859     18486    
 488.219 3317    143467   3637.01    3637.04    0.0270694   2723     18499    
 488.302 3318    143501   3637.01    3637.04    0.026988    2757     18499    
 488.515 3319    143550   3637.01    3637.04    0.0269752   2806     18503    
 488.999 3320    143600   3637.01    3637.04    0.0269696   2856     18516    
 490.673 3321    143650   3637.01    3637.04    0.0268347   2621     18542    
 490.953 3322    143700   3637.01    3637.04    0.0267709   2671     18550    
 491.225 3323    143750   3637.01    3637.04    0.0267663   2721     18556    
 491.738 3324    143803   3637.01    3637.04    0.026763    2774     18574    
 492.188 3325    143873   3637.01    3637.04    0.0267613   2844     18595    
 492.545 3325    143900   3637.01    3637.04    0.0267613   2871     18606    
 493.047 3326    143955   3637.01    3637.04    0.0267502   2758     18619    
 496.437 3328    144011   3637.01    3637.04    0.0266198   2814     18621    
 496.548 3329    144069   3637.01    3637.04    0.0266161   2872     18622    
 496.932 3329    144100   3637.01    3637.04    0.0266161   2903     18637    
 497.038 3330    144150   3637.01    3637.04    0.0266145   2953     18638    
 497.202 3331    144201   3637.01    3637.04    0.0266114   2797     18639    
 497.912 3332    144291   3637.01    3637.04    0.02661     2887     18665    
 497.937 3332    144300   3637.01    3637.04    0.02661     2896     18665    
 498.046 3333    144350   3637.01    3637.04    0.0266092   2946     18666    
 498.157 3334    144400   3637.01    3637.04    0.0266062   2996     18667    
 499.223 3335    144450   3637.01    3637.04    0.0266019   2777     18668    
 499.406 3336    144500   3637.01    3637.04    0.0266006   2827     18672    
 500.217 3337    144601   3637.01    3637.04    0.0266003   2928     18705    
 500.249 3337    144602   3637.01    3637.04    0.0266003   2929     18705    
 500.407 3338    144650   3637.01    3637.04    0.0265984   2977     18710    
 500.609 3339    144700   3637.01    3637.04    0.0265968   3027     18715    
 500.938 3340    144750   3637.01    3637.04    0.0265843   2842     18727    
 501.093 3342    144815   3637.01    3637.04    0.0260739   2907     18729    
 501.235 3343    144871   3637.01    3637.04    0.0260686   2963     18732    
 501.328 3343    144900   3637.01    3637.04    0.0260686   2992     18733    
 501.718 3344    144957   3637.01    3637.04    0.0260626   3049     18746    
 505.219 3345    145035   3637.01    3637.03    0.026026    2867     18753    
 505.302 3345    145050   3637.01    3637.03    0.026026    2882     18756    
 505.468 3346    145100   3637.01    3637.03    0.0260063   2932     18761    
 505.547 3347    145150   3637.01    3637.03    0.0260038   2982     18761    
 506.171 3348    145229   3637.01    3637.03    0.0259967   3061     18788    
 506.261 3348    145250   3637.01    3637.03    0.0259967   3082     18790    
 506.664 3349    145301   3637.01    3637.03    0.0259947   3133     18804    
 507.272 3350    145377   3637.01    3637.03    0.0259938   3001     18823    
 507.328 3350    145400   3637.01    3637.03    0.0259938   3024     18823    
 507.653 3351    145461   3637.01    3637.03    0.0259928   3085     18835    
 508.946 3352    145517   3637.01    3637.03    0.0259914   2933     18841    
 509.207 3353    145550   3637.01    3637.03    0.0259914   2966     18850    
 509.303 3353    145600   3637.01    3637.03    0.0259908   3016     18850    
 509.468 3354    145650   3637.01    3637.03    0.0259892   3066     18856    
 509.822 3355    145700   3637.01    3637.03    0.0259704   3116     18867    
 510.323 3356    145769   3637.01    3637.03    0.0259692   3185     18884    
 510.408 3356    145800   3637.01    3637.03    0.0259692   3216     18885    
 510.597 3357    145850   3637.01    3637.03    0.0259691   3029     18886    
 510.688 3358    145900   3637.01    3637.03    0.0259691   3079     18887    
 510.953 3359    145967   3637.01    3637.03    0.0259691   3146     18897    
 511.171 3359    146000   3637.01    3637.03    0.0259691   3179     18908    
 511.312 3360    146050   3637.01    3637.03    0.0259689   3229     18911    
 515.233 3361    146137   3637.01    3637.03    0.0259689   3031     18932    
 515.283 3361    146150   3637.01    3637.03    0.0259689   3044     18932    
 515.453 3362    146209   3637.01    3637.03    0.0259688   3103     18936    
 515.628 3363    146273   3637.01    3637.03    0.0259688   3167     18939    
 515.688 3363    146300   3637.01    3637.03    0.0259688   3194     18939    
 515.961 3364    146355   3637.01    3637.03    0.0259688   3249     18949    
 516.077 3365    146411   3637.01    3637.03    0.0259687   3305     18950    
 516.266 3366    146473   3637.01    3637.03    0.0259686   3098     18951    
 516.328 3366    146500   3637.01    3637.03    0.0259686   3125     18951    
 516.437 3367    146550   3637.01    3637.03    0.0259666   3175     18953    
 516.781 3368    146600   3637.01    3637.03    0.0259183   3225     18965    
 517.125 3369    146661   3637.01    3637.03    0.0259126   3286     18975    
 517.719 3370    146717   3637.01    3637.03    0.0258996   3342     18994    
 517.922 3371    146750   3637.01    3637.03    0.0258874   3149     18995    
 518.364 3372    146801   3637.01    3637.03    0.0258418   3200     19006    
 520.007 3373    146850   3637.01    3637.03    0.0258377   3118     19016    
 520.298 3374    146900   3637.01    3637.03    0.0258336   3168     19026    
 520.578 3375    146950   3637.01    3637.03    0.025824    3218     19039    
 521.124 3376    147007   3637.01    3637.03    0.0258232   3275     19057    
 521.327 3377    147050   3637.01    3637.03    0.0258226   3318     19062    
 521.797 3379    147100   3637.01    3637.03    0.0258216   3368     19078    
 525.609 3380    147150   3637.01    3637.03    0.0257857   3418     19095    
 525.811 3380    147200   3637.01    3637.03    0.0257296   3210     19095    
 525.937 3381    147250   3637.01    3637.03    0.0257256   3260     19096    
 526.027 3382    147301   3637.01    3637.03    0.0257093   3311     19096    
 526.374 3383    147350   3637.01    3637.03    0.0257026   3360     19107    
 526.571 3384    147407   3637.01    3637.03    0.0256874   3417     19111    
 526.796 3385    147450   3637.01    3637.03    0.0256848   3460     19118    
 527.063 3386    147500   3637.01    3637.03    0.0256664   3244     19124    
 527.343 3388    147559   3637.01    3637.03    0.0254837   3303     19134    
 527.901 3389    147623   3637.01    3637.03    0.0254407   3367     19153    
 527.987 3390    147667   3637.01    3637.03    0.025437    3411     19153    
 528.08  3391    147723   3637.01    3637.03    0.0254346   3467     19153    
 528.216 3392    147757   3637.01    3637.03    0.0254261   3501     19156    
 528.359 3393    147809   3637.01    3637.03    0.025426    3553     19158    
 528.738 3394    147883   3637.01    3637.03    0.0254259   3364     19168    
 528.78  3394    147900   3637.01    3637.03    0.0254259   3381     19168    
 529.093 3395    147967   3637.01    3637.03    0.0254259   3448     19178    
 529.343 3395    148000   3637.01    3637.03    0.0254259   3481     19186    
 529.437 3396    148050   3637.01    3637.03    0.0254258   3531     19186    
 529.891 3397    148135   3637.01    3637.03    0.0254258   3616     19209    
 529.958 3397    148150   3637.01    3637.03    0.0254258   3631     19209    
 535.312 3398    148229   3637.01    3637.03    0.0254257   3334     19225    
 535.374 3398    148250   3637.01    3637.03    0.0254257   3355     19225    
 535.513 3399    148300   3637.01    3637.03    0.0254256   3405     19229    
 535.812 3400    148363   3637.01    3637.03    0.0254255   3468     19238    
 535.915 3401    148425   3637.01    3637.03    0.025409    3530     19238    
 536.205 3401    148450   3637.01    3637.03    0.025409    3555     19250    
 536.485 3402    148500   3637.01    3637.03    0.0254069   3605     19256    
 536.773 3403    148550   3637.01    3637.03    0.0254045   3655     19271    
 537.208 3404    148600   3637.01    3637.03    0.0254012   3454     19280    
 537.453 3405    148650   3637.01    3637.03    0.0253892   3504     19286    
 537.859 3406    148713   3637.01    3637.03    0.0253878   3567     19302    
 538.219 3407    148777   3637.01    3637.03    0.0253854   3631     19319    
 538.281 3408    148811   3637.01    3637.03    0.0253047   3665     19319    
 538.491 3409    148851   3637.01    3637.03    0.0252161   3705     19326    
 538.75  3411    148919   3637.01    3637.03    0.0248824   3465     19329    
 538.984 3412    148953   3637.01    3637.03    0.0248165   3499     19336    
 539.438 3413    149000   3637.01    3637.03    0.0246934   3546     19353    
 539.592 3414    149050   3637.01    3637.03    0.0245911   3596     19357    
 539.697 3415    149100   3637.01    3637.03    0.0245207   3646     19357    
 539.878 3416    149150   3637.01    3637.03    0.0245175   3696     19360    
 540.094 3418    149209   3637.01    3637.03    0.0244006   3755     19366    
 540.249 3419    149251   3637.01    3637.03    0.024385    3797     19368    
 544.312 3420    149325   3637.01    3637.03    0.0243831   3627     19381    
 544.375 3420    149350   3637.01    3637.03    0.0243831   3652     19381    
 544.534 3421    149400   3637.01    3637.03    0.0243816   3702     19383    
 544.667 3422    149450   3637.01    3637.03    0.0243757   3752     19384    
 546.719 3423    149505   3637.01    3637.03    0.0243754   3593     19395    
 546.918 3424    149563   3637.01    3637.03    0.0243748   3651     19398    
 547.017 3425    149611   3637.01    3637.03    0.0243742   3699     19398    
 547.5   3426    149667   3637.01    3637.03    0.0243732   3755     19411    
 547.64  3427    149717   3637.01    3637.03    0.0243729   3805     19414    
 548.032 3427    149750   3637.01    3637.03    0.0243729   3838     19424    
 548.341 3428    149800   3637.01    3637.03    0.0243727   3888     19429    
 549.021 3429    149869   3637.01    3637.03    0.0243727   3655     19443    
 549.155 3429    149900   3637.01    3637.03    0.0243727   3686     19445    
 549.258 3430    149950   3637.01    3637.03    0.0243726   3736     19445    
 549.605 3431    150000   3637.01    3637.03    0.0243724   3786     19453    
 550.568 3431    150050   3637.01    3637.03    0.0243724   3836     19487    
 550.781 3432    150109   3637.01    3637.03    0.0243723   3895     19489    
 550.911 3433    150153   3637.01    3637.03    0.0243721   3939     19490    
 551.218 3434    150200   3637.01    3637.03    0.0243601   3986     19498    
 552.124 3435    150250   3637.01    3637.03    0.0243083   3744     19519    
 552.39  3436    150300   3637.01    3637.03    0.024221    3794     19526    
 552.494 3437    150350   3637.01    3637.03    0.0242112   3844     19526    
 552.627 3438    150400   3637.01    3637.03    0.024211    3894     19527    
 556.681 3439    150471   3637.01    3637.03    0.0242108   3965     19536    
 556.838 3439    150500   3637.01    3637.03    0.0242108   3994     19541    
 556.983 3440    150550   3637.01    3637.03    0.0242104   4044     19544    
 557.193 3442    150605   3637.01    3637.03    0.024122    4099     19548    
 557.455 3443    150669   3637.01    3637.03    0.0240483   3842     19553    
 557.53  3444    150703   3637.01    3637.03    0.0239813   3876     19553    
 557.75  3445    150750   3637.01    3637.03    0.0239156   3923     19558    
 558.126 3447    150800   3637.01    3637.03    0.0239129   3973     19568    
 558.562 3447    150850   3637.01    3637.03    0.0239103   4023     19586    
 558.672 3448    150900   3637.01    3637.03    0.0239045   4073     19587    
 558.798 3449    150950   3637.01    3637.03    0.0239025   4123     19588    
 559.232 3450    151000   3637.01    3637.03    0.023893    3822     19600    
 559.58  3451    151053   3637.01    3637.03    0.0238896   3875     19616    
 559.968 3452    151107   3637.01    3637.03    0.0238789   3929     19627    
 560.074 3453    151161   3637.01    3637.03    0.0238723   3983     19628    
 560.233 3454    151213   3637.01    3637.03    0.0238706   4035     19630    
 560.326 3455    151259   3637.01    3637.03    0.0237782   4081     19630    
 560.593 3456    151307   3637.01    3637.03    0.0237696   4129     19636    
 560.75  3457    151350   3637.01    3637.03    0.0237558   4172     19639    
 561.176 3458    151400   3637.01    3637.03    0.0237343   3924     19648    
 561.538 3460    151459   3637.01    3637.03    0.0236327   3983     19658    
 567.284 3461    151515   3637.01    3637.03    0.0235197   3902     19666    
 567.39  3462    151571   3637.01    3637.03    0.0235158   3958     19666    
 567.521 3462    151600   3637.01    3637.03    0.0235158   3987     19668    
 567.885 3463    151653   3637.01    3637.03    0.0235096   4040     19679    
 568.025 3464    151703   3637.01    3637.03    0.0235024   4090     19680    
 568.211 3465    151759   3637.01    3637.03    0.0235001   4146     19684    
 568.323 3466    151815   3637.01    3637.03    0.0234969   4202     19684    
 568.42  3467    151859   3637.01    3637.03    0.0234837   4246     19684    
 568.81  3468    151917   3637.01    3637.03    0.023481    3967     19690    
 569.09  3468    151950   3637.01    3637.03    0.023481    4000     19699    
 569.234 3469    152000   3637.01    3637.03    0.0234807   4050     19701    
 569.729 3470    152059   3637.01    3637.03    0.0234797   4109     19717    
 570.25  3470    152100   3637.01    3637.03    0.0234797   4150     19737    
 570.703 3471    152169   3637.01    3637.03    0.0234796   4219     19750    
 570.891 3471    152200   3637.01    3637.03    0.0234796   4250     19756    
 571.156 3472    152250   3637.01    3637.03    0.0234796   4300     19762    
 571.463 3473    152303   3637.01    3637.03    0.0234795   4353     19769    
 571.903 3474    152361   3637.01    3637.03    0.0234794   4133     19776    
 572.016 3475    152417   3637.01    3637.03    0.0234792   4189     19776    
 572.097 3475    152450   3637.01    3637.03    0.0234792   4222     19776    
 572.238 3476    152500   3637.01    3637.03    0.0234791   4272     19777    
 572.437 3477    152550   3637.01    3637.03    0.0234777   4322     19783    
 572.657 3478    152600   3637.01    3637.03    0.0234772   4372     19786    
 576.657 3479    152667   3637.01    3637.03    0.0234632   4439     19800    
 576.86  3480    152700   3637.01    3637.03    0.0234536   4472     19806    
 577.857 3481    152765   3637.01    3637.03    0.0234515   4168     19831    
 578.079 3482    152800   3637.01    3637.03    0.0234005   4203     19835    
 578.37  3484    152850   3637.01    3637.03    0.0233755   4253     19841    
 579.071 3485    152900   3637.01    3637.03    0.0232894   4303     19854    
 579.686 3486    152965   3637.01    3637.03    0.023287    4368     19868    
 579.787 3487    153013   3637.01    3637.03    0.0232814   4416     19868    
 579.887 3488    153057   3637.01    3637.03    0.023277    4460     19868    
 580.547 3489    153100   3637.01    3637.03    0.023277    4503     19897    
 580.828 3489    153150   3637.01    3637.03    0.0232744   4250     19897    
 581.362 3490    153227   3637.01    3637.03    0.0232721   4327     19912    
 581.578 3490    153250   3637.01    3637.03    0.0232721   4350     19919    
 581.782 3491    153300   3637.01    3637.03    0.0232696   4400     19925    
 584.301 3492    153350   3637.01    3637.03    0.0232674   4267     19925    
 584.715 3493    153400   3637.01    3637.03    0.0232649   4317     19936    
 584.848 3494    153450   3637.01    3637.03    0.0232647   4367     19937    
 585.019 3495    153503   3637.01    3637.03    0.0232634   4420     19939    
 585.165 3496    153565   3637.01    3637.03    0.0232631   4482     19940    
 585.477 3496    153600   3637.01    3637.03    0.0232631   4517     19948    
 586.029 3497    153673   3637.01    3637.03    0.023263    4590     19966    
 586.123 3497    153700   3637.01    3637.03    0.023263    4617     19967    
 590.228 3498    153750   3637.01    3637.03    0.0232628   4667     19977    
 590.992 3499    153849   3637.01    3637.03    0.0232627   4422     20002    
 591.024 3499    153850   3637.01    3637.03    0.0232627   4423     20002    
 591.18  3500    153900   3637.01    3637.03    0.0232603   4473     20005    
 591.326 3501    153950   3637.01    3637.03    0.0232586   4523     20006    
 591.473 3502    154000   3637.01    3637.03    0.0232556   4573     20008    
 591.718 3503    154050   3637.01    3637.03    0.0232556   4623     20014    
 591.89  3504    154101   3637.01    3637.03    0.0232553   4674     20016    
 592.164 3505    154165   3637.01    3637.03    0.0232553   4738     20020    
 592.475 3505    154200   3637.01    3637.03    0.0232553   4773     20028    
 592.749 3506    154250   3637.01    3637.03    0.0232553   4424     20028    
 593.179 3507    154315   3637.01    3637.03    0.0232553   4489     20038    
 593.453 3507    154350   3637.01    3637.03    0.0232553   4524     20046    
 593.922 3508    154415   3637.01    3637.03    0.0232553   4589     20060    
 594.203 3508    154450   3637.01    3637.03    0.0232553   4624     20071    
 594.547 3509    154511   3637.01    3637.03    0.0232552   4685     20083    
 594.86  3510    154571   3637.01    3637.03    0.0232548   4745     20091    
 595.155 3510    154600   3637.01    3637.03    0.0232548   4774     20100    
 595.597 3511    154650   3637.01    3637.03    0.0232544   4824     20109    
 596.213 3512    154723   3637.01    3637.03    0.0232541   4535     20121    
 596.298 3512    154750   3637.01    3637.03    0.0232541   4562     20121    
 596.537 3513    154800   3637.01    3637.03    0.0232518   4612     20126    
 597.01  3514    154850   3637.01    3637.03    0.0232501   4662     20138    
 601.389 3515    154907   3637.01    3637.03    0.0232445   4719     20153    
-------------------------------------------------------------------------------

SARSOP finishing ...
  Preset timeout reached
  Timeout     : 600.000000s
  Actual Time : 601.389000s

-------------------------------------------------------------------------------
 Time   |#Trial |#Backup |LBound    |UBound    |Precision  |#Alphas |#Beliefs  
-------------------------------------------------------------------------------
 601.582 3515    154907   3637.01    3637.03    0.0232445   4561     20153    
-------------------------------------------------------------------------------

Writing out policy ...
  output file : policy.out

  Activating project at `D:\pomdp\pomdp_alzheimer\julia_alzheimer_pomdp`
============================================================
CDR RAW-LIKELIHOODS SENSITIVITY
Raw CDR MCI row: CDR=0 → 0.075 | CDR=0.5 → 0.904 | CDR≥1 → 0.021
Baseline MCI row: 0.250 / 0.700 / 0.050
============================================================

Training SARSOP on raw-CDR model (timeout 600s)...
Generating a pomdpx file: model.pomdpx
SARSOP trained.

--- Belief-simplex decision regions (raw CDR) ---
  A_Test_CDR: 77.9%
  A_Treat_MCI: 13.9%
  A_Treat_Dementia: 6.5%
  A_Wait: 1.7%

--- Policy performance (raw CDR model, N=10000) ---
  SARSOP-raw-CDR        reward=  77.9  acc= 81.6%
  MyopicPOMDP           reward=  81.7  acc= 82.2%
  Expert                reward=  51.6  acc= 76.5%

CDR raw sensitivity analysis complete.
